"orden_revision";"prioridad";"estado_revision";"decision_manual";"notas_revisor";"bdns_id";"titulo";"grupo_revision";"comprobacion_recomendada";"fecha_cierre";"fecha_apertura";"url";"motivo_automatico";"origen"
"1";"alta";"pendiente";"";"";"895256";"Decreto de la Delegada del Área de Economía, Innovación y Hacienda por el que se aprueba la convocatoria de";"cluster_role_unverified";"Comprobar si la ayuda llega a empresas miembro, pilotos o costes empresariales; no basta financiar la estructura del clúster.";"2026-12-31";"";"https://sede.madrid.es/portal/site/tramites/menuitem.c61bb691882ed9d32e202e2084f1a5a0/?vgnextoid=5a9d5d53be9a0210VgnVCM100000171f5a0aRCRD&vgnextchannel=5a9d5d53be9a0210VgnVCM100000171f5a0aRCRD&vgnextfmt=default";"El cluster es elegible, pero no consta si la ayuda llega a sus empresas miembro.";"auditoria_2026-08-06"
"2";"alta";"pendiente";"";"";"919042";"APROBACIÓN DE LAS BASES REGULADORAS Y CONVOCATORIA DE AYUDAS PARA EL PLAN DE EFICIENCIA ENERGÉTICA DURANTE EL AÑO 2026";"supplier_role_unverified";"Comprobar si equipos, instalaciones o ingeniería de Kalfrisa son gasto elegible para el beneficiario.";"2026-08-31";"2026-07-16";"Sede electrónica de Tres Cantos";"Existe encaje tecnico, pero no esta probado que Kalfrisa pueda suministrar un gasto elegible.";"auditoria_2026-08-06"
"3";"alta";"pendiente";"";"";"921318";"Convocatoria de ayudas para la elaboración de Trabajos Fin de Grado y Trabajos de Fin de Máster del Instituto de Investigación en Energías Renovables de la Universidad de Castilla-La Mancha del curso académico 2026/2027";"supplier_role_unverified";"Comprobar si equipos, instalaciones o ingeniería de Kalfrisa son gasto elegible para el beneficiario.";"2026-11-20";"2026-09-15";"https://www.pap.hacienda.gob.es/bdnstrans/GE/es/convocatorias/921318";"Existe encaje tecnico, pero no esta probado que Kalfrisa pueda suministrar un gasto elegible.";"auditoria_2026-08-06"
"4";"alta";"pendiente";"";"";"920927";"Resolución de 21 de julio de 2026 de ICEX por la que se convocan entregas dinerarias sin contraprestación a las entidades colaboradoras en gestión de ayudas de ICEX para actividades cuya realización esté prevista del 1 de enero al 31 de diciembre de 2027.";"supplier_role_unverified";"Comprobar si equipos, instalaciones o ingeniería de Kalfrisa son gasto elegible para el beneficiario.";"2027-12-01";"";"https://www.pap.hacienda.gob.es/bdnstrans/GE/es/convocatorias/920927";"Existe encaje tecnico, pero no esta probado que Kalfrisa pueda suministrar un gasto elegible.";"auditoria_2026-08-06"
"5";"alta";"pendiente";"";"";"922826";"Subvención a favor del Ayuntamiento de Torralba del Río para la realización de trabajos para la mejora de la eficiencia energética en el edificio municipal";"supplier_role_unverified";"Comprobar si equipos, instalaciones o ingeniería de Kalfrisa son gasto elegible para el beneficiario.";"2026-12-31";"2026-01-01";"navarra.es";"Existe encaje tecnico, pero no esta probado que Kalfrisa pueda suministrar un gasto elegible.";"auditoria_2026-08-06"
"6";"alta";"pendiente";"";"";"919209";"(EE) Eficiencia energética Industrial FNEE (Reg. 651/2014)";"territorial_eligibility_unverified";"Comprobar si exige centro previo, solo localización del proyecto o permite abrir centro; si permite abrirlo, confirmar al menos 730 días de ejecución.";"2026-09-30";"";"https://www.pap.hacienda.gob.es/bdnstrans/GE/es/convocatorias/919209";"Convocatoria subnacional fuera de Aragon sin requisito territorial suficientemente claro.";"auditoria_2026-08-06"
"7";"alta";"pendiente";"";"";"919217";"(REE) Eficiencia energética Terciario FNEE (Reg. 651/2014)";"territorial_eligibility_unverified";"Comprobar si exige centro previo, solo localización del proyecto o permite abrir centro; si permite abrirlo, confirmar al menos 730 días de ejecución.";"2026-09-30";"";"https://www.pap.hacienda.gob.es/bdnstrans/GE/es/convocatorias/919217";"Convocatoria subnacional fuera de Aragon sin requisito territorial suficientemente claro.";"auditoria_2026-08-06"
"8";"alta";"pendiente";"";"";"918621";"(TEC) Econ. Circular y Trans.Energética (Reg. 651/2014)";"territorial_eligibility_unverified";"Comprobar si exige centro previo, solo localización del proyecto o permite abrir centro; si permite abrirlo, confirmar al menos 730 días de ejecución.";"2026-09-30";"";"https://www.pap.hacienda.gob.es/bdnstrans/GE/es/convocatorias/918621";"Convocatoria subnacional fuera de Aragon sin requisito territorial suficientemente claro.";"auditoria_2026-08-06"
"9";"alta";"pendiente";"";"";"923099";"Acuerdo de 2 de agosto de 2026 de la Alcaldía del Ayuntamiento de Rianxo, por el que se convocan ayudas a la implantación de nuevas empresas y comercios en el término municipal del Ayuntamiento de Rianxo";"territorial_eligibility_unverified";"Comprobar si exige centro previo, solo localización del proyecto o permite abrir centro; si permite abrirlo, confirmar al menos 730 días de ejecución.";"2026-11-30";"";"https://sede.concelloderianxo.gal/";"Convocatoria subnacional fuera de Aragon sin requisito territorial suficientemente claro.";"auditoria_2026-08-06"
"10";"alta";"pendiente";"";"";"886784";"AYUDAS A PROYECTOS DE DIGITALIZACIÓN DE LA PYME MADRILEÑA - 2026";"territorial_eligibility_unverified";"Comprobar si exige centro previo, solo localización del proyecto o permite abrir centro; si permite abrirlo, confirmar al menos 730 días de ejecución.";"2026-12-31";"";"https://www.pap.hacienda.gob.es/bdnstrans/GE/es/convocatorias/886784";"Convocatoria subnacional fuera de Aragon sin requisito territorial suficientemente claro.";"auditoria_2026-08-06"
"11";"alta";"pendiente";"";"";"918135";"AYUDAS DESTINADAS A PROMOVER GRANDES ACTUACIONES DE INVERSIÓN PARA LA MODERNIZACIÓN DE LA ESTRUCTURA PRODUCTIVA Y DIGITAL DE LA ACTIVIDAD INDUSTRIAL 2026";"territorial_eligibility_unverified";"Comprobar si exige centro previo, solo localización del proyecto o permite abrir centro; si permite abrirlo, confirmar al menos 730 días de ejecución.";"";"2026-04-01";"INDUSTRIA.CAIB.ES";"Convocatoria subnacional fuera de Aragon sin requisito territorial suficientemente claro.";"auditoria_2026-08-06"
"12";"alta";"pendiente";"";"";"923051";"Ayudas económicas para la consolidación y reactivación de las actividades económicas en polígonos industriales, comercios del casco urbano y emprendedores afectados por la DANA del 29 de octubre de 2024.";"territorial_eligibility_unverified";"Comprobar si exige centro previo, solo localización del proyecto o permite abrir centro; si permite abrirlo, confirmar al menos 730 días de ejecución.";"2026-12-31";"2026-07-03";"https://www.pap.hacienda.gob.es/bdnstrans/GE/es/convocatorias/923051";"Convocatoria subnacional fuera de Aragon sin requisito territorial suficientemente claro.";"auditoria_2026-08-06"
"13";"alta";"pendiente";"";"";"918502";"Ayudas para la puesta en marcha de grupos de cooperación para la innovación en digitalización y gestión sostenible de explotaciones ganaderas 2026";"territorial_eligibility_unverified";"Comprobar si exige centro previo, solo localización del proyecto o permite abrir centro; si permite abrirlo, confirmar al menos 730 días de ejecución.";"2026-09-30";"2026-07-17";"http://www.caib.es";"Convocatoria subnacional fuera de Aragon sin requisito territorial suficientemente claro.";"auditoria_2026-08-06"
"14";"alta";"pendiente";"";"";"920771";"BASES AYUDAS PARA NUEVOS AUTÓNOMOS Y EMPRESAS EN EL MUNICIPIO DE BENIDORM 2026";"territorial_eligibility_unverified";"Comprobar si exige centro previo, solo localización del proyecto o permite abrir centro; si permite abrirlo, confirmar al menos 730 días de ejecución.";"2026-12-31";"";"https://sede.benidorm.org/eAdmin/";"Convocatoria subnacional fuera de Aragon sin requisito territorial suficientemente claro.";"auditoria_2026-08-06"
"15";"alta";"pendiente";"";"";"923651";"BASES DE LA CONVOCATORIA DE AYUDAS DESTINADAS A APOYAR A LAS EMPRESAS DE ECONOMÍA SOCIAL DE SANTIAGO DE COMPOSTELA 2026";"territorial_eligibility_unverified";"Comprobar si exige centro previo, solo localización del proyecto o permite abrir centro; si permite abrirlo, confirmar al menos 730 días de ejecución.";"";"";"https://www.pap.hacienda.gob.es/bdnstrans/GE/es/convocatorias/923651";"Convocatoria subnacional fuera de Aragon sin requisito territorial suficientemente claro.";"auditoria_2026-08-06"
"16";"alta";"pendiente";"";"";"921765";"Bases de las ayudas destinadas al apoyo de entidades que superaron los umbrales mínimos de los programas de nuevos proyectos empresariales de empresas innovadoras del CDTI (Recuperación Excelencia Neotec)";"territorial_eligibility_unverified";"Comprobar si exige centro previo, solo localización del proyecto o permite abrir centro; si permite abrirlo, confirmar al menos 730 días de ejecución.";"2026-09-30";"2026-08-07";"https://www.pap.hacienda.gob.es/bdnstrans/GE/es/convocatorias/921765";"Convocatoria subnacional fuera de Aragon sin requisito territorial suficientemente claro.";"auditoria_2026-08-06"
"17";"alta";"pendiente";"";"";"898803";"Bases reguladoras de la convocatoria de subvención para el fomento de la prevención, la reutilización, la preparación para la reutilización y el reciclaje de los residuos, dirigida a empresas privadas y autónomos, del año 2026";"territorial_eligibility_unverified";"Comprobar si exige centro previo, solo localización del proyecto o permite abrir centro; si permite abrirlo, confirmar al menos 730 días de ejecución.";"2026-12-31";"";"https://www.pap.hacienda.gob.es/bdnstrans/GE/es/convocatorias/898803";"Convocatoria subnacional fuera de Aragon sin requisito territorial suficientemente claro.";"auditoria_2026-08-06"
"18";"alta";"pendiente";"";"";"898453";"BASES REGULADORAS ESPECÍFICAS Y CONVOCATORIA PARA LA CONCESIÓN DE SUBVENCIONES PARA EL FOMENTO DE LA MOVILIDAD SOSTENIBLE DE EMISIONES CERO EN GRAN CANARIA 2026.";"territorial_eligibility_unverified";"Comprobar si exige centro previo, solo localización del proyecto o permite abrir centro; si permite abrirlo, confirmar al menos 730 días de ejecución.";"2026-12-31";"";"https://energiagrancanaria.sedelectronica.es/info.0";"Convocatoria subnacional fuera de Aragon sin requisito territorial suficientemente claro.";"auditoria_2026-08-06"
"19";"alta";"pendiente";"";"";"917802";"Bases reguladoras para subvenciones destinadas a financiar inversiones en energía, transición energética, cambio climático, prevención y gestión de residuos y economía circular, conforme art. 13 de Texto refundido de Ley de Subvenciones de Illes Balears.";"territorial_eligibility_unverified";"Comprobar si exige centro previo, solo localización del proyecto o permite abrir centro; si permite abrirlo, confirmar al menos 730 días de ejecución.";"";"2026-06-26";"https://www.caib.es/sites/subvencions_residus/ca/convo_economia_circular_empreses/";"Convocatoria subnacional fuera de Aragon sin requisito territorial suficientemente claro.";"auditoria_2026-08-06"
"20";"alta";"pendiente";"";"";"917825";"Bases reguladoras para subvenciones destinadas a financiar inversiones en energía, transición energética, cambio climático, prevención y gestión de residuos y economía circular, conforme art. 13 de Texto refundido de Ley de Subvenciones de Illes Balears.";"territorial_eligibility_unverified";"Comprobar si exige centro previo, solo localización del proyecto o permite abrir centro; si permite abrirlo, confirmar al menos 730 días de ejecución.";"";"2026-06-26";"https://www.caib.es/sites/subvencions_residus/ca/convo_economia_circular_entitats_deconomia_social/";"Convocatoria subnacional fuera de Aragon sin requisito territorial suficientemente claro.";"auditoria_2026-08-06"
"21";"alta";"pendiente";"";"";"919204";"BASES REGULADORAS Y CONVOCATORIA DE LAS AYUDAS A EMPRESAS POR LOCALIZACIÓN EN ESPACIOS INDUSTRIALES DE LA PROVINCIA DE SEGOVIA. PLAN RADICA. 2026";"territorial_eligibility_unverified";"Comprobar si exige centro previo, solo localización del proyecto o permite abrir centro; si permite abrirlo, confirmar al menos 730 días de ejecución.";"2026-09-21";"2026-07-21";"https://sede.dipsegovia.es/";"Convocatoria subnacional fuera de Aragon sin requisito territorial suficientemente claro.";"auditoria_2026-08-06"
"22";"alta";"pendiente";"";"";"923539";"BONIFICACIÓN ARRENDAMIENTO NAVE B SITUADA EN LA PARCELA 96-R17 DEL POLÍGONO INDUSTRIAL DE VALDEFERRÍN DE EJEA DE LOS CABALLEROS";"territorial_eligibility_unverified";"Comprobar si exige centro previo, solo localización del proyecto o permite abrir centro; si permite abrirlo, confirmar al menos 730 días de ejecución.";"2032-12-31";"2024-01-01";"www.ejea.es";"Convocatoria subnacional fuera de Aragon sin requisito territorial suficientemente claro.";"auditoria_2026-08-06"
"23";"alta";"pendiente";"";"";"906384";"Ciberseguridad Industrial";"territorial_eligibility_unverified";"Comprobar si exige centro previo, solo localización del proyecto o permite abrir centro; si permite abrirlo, confirmar al menos 730 días de ejecución.";"2026-11-23";"2026-05-19";"https://www.spri.eus/es/ayudas/ciberseguridad-industrial/";"Convocatoria subnacional fuera de Aragon sin requisito territorial suficientemente claro.";"auditoria_2026-08-06"
"24";"alta";"pendiente";"";"";"922978";"Concurso de Artesanía 2026, premios empresas artesanas, según convocatoria efectuada por Resolución de 27 de julio de 2026";"territorial_eligibility_unverified";"Comprobar si exige centro previo, solo localización del proyecto o permite abrir centro; si permite abrirlo, confirmar al menos 730 días de ejecución.";"2026-09-30";"";"https://www.juntaex.es/w/0707924";"Convocatoria subnacional fuera de Aragon sin requisito territorial suficientemente claro.";"auditoria_2026-08-06"
"25";"alta";"pendiente";"";"";"910584";"Convenio Asociación de Industrias del Calzado y Conexas de La Rioja AICCOR";"territorial_eligibility_unverified";"Comprobar si exige centro previo, solo localización del proyecto o permite abrir centro; si permite abrirlo, confirmar al menos 730 días de ejecución.";"2026-12-31";"2026-01-01";"https://www.pap.hacienda.gob.es/bdnstrans/GE/es/convocatorias/910584";"Convocatoria subnacional fuera de Aragon sin requisito territorial suficientemente claro.";"auditoria_2026-08-06"
"26";"alta";"pendiente";"";"";"908933";"Convenio de empresas asociadas de los polígonos industriales para promover relaciones empresariales, cooperación entre ellas, mantener y potenciar su actividad economica";"territorial_eligibility_unverified";"Comprobar si exige centro previo, solo localización del proyecto o permite abrir centro; si permite abrirlo, confirmar al menos 730 días de ejecución.";"2026-12-31";"2026-01-01";"http://santquirzevalles.cat";"Convocatoria subnacional fuera de Aragon sin requisito territorial suficientemente claro.";"auditoria_2026-08-06"
"27";"alta";"pendiente";"";"";"914878";"CONVENIO ENTRE LA CAMARA OFICIAL DE COMERCIO, INDUSTRIA Y SERVICIOS DE SALAMANCA Y LA SOCIEDAD MUNICIPAL DE TURISMO, COMERCIO Y PROMOCIÓN ECONÓMICA DE SALAMANCA S.A.U., PARA EL PROGRAMA “SALAMANCA GLOBAL HUB” ORIENTADO AL CRECIMIENTO DE NÓMADAS DIGITALES.";"territorial_eligibility_unverified";"Comprobar si exige centro previo, solo localización del proyecto o permite abrir centro; si permite abrirlo, confirmar al menos 730 días de ejecución.";"2027-11-30";"2026-06-16";"https://www.pap.hacienda.gob.es/bdnstrans/GE/es/convocatorias/914878";"Convocatoria subnacional fuera de Aragon sin requisito territorial suficientemente claro.";"auditoria_2026-08-06"
"28";"alta";"pendiente";"";"";"919481";"Convocatoria de 2026 de ayudas para la realización de proyectos de I+D+i_Innovacion_Proceso";"territorial_eligibility_unverified";"Comprobar si exige centro previo, solo localización del proyecto o permite abrir centro; si permite abrirlo, confirmar al menos 730 días de ejecución.";"2026-09-08";"2026-07-31";"https://www.pap.hacienda.gob.es/bdnstrans/GE/es/convocatorias/919481";"Convocatoria subnacional fuera de Aragon sin requisito territorial suficientemente claro.";"auditoria_2026-08-06"
"29";"alta";"pendiente";"";"";"919489";"Convocatoria de 2026 de ayudas para la realización de proyectos de I+D+i_Innovacion_Producto_minimis";"territorial_eligibility_unverified";"Comprobar si exige centro previo, solo localización del proyecto o permite abrir centro; si permite abrirlo, confirmar al menos 730 días de ejecución.";"2026-09-08";"2026-07-31";"https://www.pap.hacienda.gob.es/bdnstrans/GE/es/convocatorias/919489";"Convocatoria subnacional fuera de Aragon sin requisito territorial suficientemente claro.";"auditoria_2026-08-06"
"30";"alta";"pendiente";"";"";"922175";"Convocatoria de ayudas para la Creación y Consolidación de Empresas Basadas en el Conocimiento del XII Plan Propio Galileo de Innovación y Transferencia";"territorial_eligibility_unverified";"Comprobar si exige centro previo, solo localización del proyecto o permite abrir centro; si permite abrirlo, confirmar al menos 730 días de ejecución.";"2026-09-11";"";"https://www.pap.hacienda.gob.es/bdnstrans/GE/es/convocatorias/922175";"Administración OTROS con ámbito ES613 - Córdoba: debe verificarse el vínculo territorial exigido.";"ajuste_territorial_posterior"
"31";"alta";"pendiente";"";"";"922686";"Convocatòria de la subvenció per l`aquisició d`equips amb tecnologia RFID per a la gestió de les biblioteques públiques";"territorial_eligibility_unverified";"Comprobar si exige centro previo, solo localización del proyecto o permite abrir centro; si permite abrirlo, confirmar al menos 730 días de ejecución.";"2027-12-31";"2026-07-03";"https://www.pap.hacienda.gob.es/bdnstrans/GE/es/convocatorias/922686";"Convocatoria subnacional fuera de Aragon sin requisito territorial suficientemente claro.";"auditoria_2026-08-06"
"32";"alta";"pendiente";"";"";"920127";"Convocatoria de subvenciones para mejoras en eficiencia energética y la innovación en materia de procesos y de organización en el ámbito turístico de las Illes Balears";"territorial_eligibility_unverified";"Comprobar si exige centro previo, solo localización del proyecto o permite abrir centro; si permite abrirlo, confirmar al menos 730 días de ejecución.";"";"2026-06-08";"https://www.pap.hacienda.gob.es/bdnstrans/GE/es/convocatorias/920127";"Convocatoria subnacional fuera de Aragon sin requisito territorial suficientemente claro.";"auditoria_2026-08-06"
"33";"alta";"pendiente";"";"";"921770";"Convocatoria para la concesión de las ayudas económicas, en pública concurrencia no competitiva, para el fomento del autoempleo y la creación de nuevas actividades empresariales";"territorial_eligibility_unverified";"Comprobar si exige centro previo, solo localización del proyecto o permite abrir centro; si permite abrirlo, confirmar al menos 730 días de ejecución.";"2026-10-09";"2026-06-30";"https://www.pap.hacienda.gob.es/bdnstrans/GE/es/convocatorias/921770";"Convocatoria subnacional fuera de Aragon sin requisito territorial suficientemente claro.";"auditoria_2026-08-06"
"34";"alta";"pendiente";"";"";"905892";"CONVOCATORIA SUBVENCIONS EFICIENCIA ENERGETICA 2026";"territorial_eligibility_unverified";"Comprobar si exige centro previo, solo localización del proyecto o permite abrir centro; si permite abrirlo, confirmar al menos 730 días de ejecución.";"2026-10-31";"2026-03-01";"https://www.pap.hacienda.gob.es/bdnstrans/GE/es/convocatorias/905892";"Convocatoria subnacional fuera de Aragon sin requisito territorial suficientemente claro.";"auditoria_2026-08-06"
"35";"alta";"pendiente";"";"";"922080";"Decreto de la delegada del área de gobierno de economía, innovación y hacienda por el que se aprueba la convocatoria pública para la concesión de subvenciones dirigidas al fomento de productos, herramientas o servicios de modernización tecnológica y digit";"territorial_eligibility_unverified";"Comprobar si exige centro previo, solo localización del proyecto o permite abrir centro; si permite abrirlo, confirmar al menos 730 días de ejecución.";"2026-09-15";"2026-09-01";"https://sede.madrid.es/portal/site/tramites/menuitem.c61bb691882ed9d32e202e2084f1a5a0/?vgnextoid=5a9d5d53be9a0210VgnVCM100000171f5a0aRCRD&vgnextchannel=5a9d5d53be9a0210VgnVCM100000171f5a0aRCRD&vgnextfmt=default";"Convocatoria subnacional fuera de Aragon sin requisito territorial suficientemente claro.";"auditoria_2026-08-06"
"36";"alta";"pendiente";"";"";"896476";"ECONOMÍA SOCIAL - Concesión de subvención de 105.000,00 € a la empresa de inserción Es Im-Perfect Food SL de la Fundación Espigoladors para financiar su ""Proyecto de inserción laboral 2026""";"territorial_eligibility_unverified";"Comprobar si exige centro previo, solo localización del proyecto o permite abrir centro; si permite abrirlo, confirmar al menos 730 días de ejecución.";"";"";"https://www.pap.hacienda.gob.es/bdnstrans/GE/es/convocatorias/896476";"Convocatoria subnacional fuera de Aragon sin requisito territorial suficientemente claro.";"auditoria_2026-08-06"
"37";"alta";"pendiente";"";"";"923145";"Fomento actividades científicas y tecnologicas";"territorial_eligibility_unverified";"Comprobar si exige centro previo, solo localización del proyecto o permite abrir centro; si permite abrirlo, confirmar al menos 730 días de ejecución.";"2026-09-30";"2026-08-17";"https://seuelectronica.dipta.cat";"Convocatoria subnacional fuera de Aragon sin requisito territorial suficientemente claro.";"auditoria_2026-08-06"
"38";"alta";"pendiente";"";"";"680958";"fomento de instalacions de generación renovable en puertos de las Islas Balearsamb tecnología fotovoltaica, eólica, undimotriu o marina, de almacenamiento eléctrico, de infraestructura de recarga eléctrica o de hidrógeno renovable.";"territorial_eligibility_unverified";"Comprobar si exige centro previo, solo localización del proyecto o permite abrir centro; si permite abrirlo, confirmar al menos 730 días de ejecución.";"";"2022-12-17";"https://www.pap.hacienda.gob.es/bdnstrans/GE/es/convocatorias/680958";"Convocatoria subnacional fuera de Aragon sin requisito territorial suficientemente claro.";"auditoria_2026-08-06"
"39";"alta";"pendiente";"";"";"919861";"Orden de 16 de julio de 2026 - AGMRPA, se convocan determinadas ayudas no reembolsables destinadas a la mejora de la competitividad de la industria agroalimentaria - Plan Estratégico de la Industria Agroalimentaria de Castilla y León 2024 -2028. Línea AI2";"territorial_eligibility_unverified";"Comprobar si exige centro previo, solo localización del proyecto o permite abrir centro; si permite abrirlo, confirmar al menos 730 días de ejecución.";"2026-09-01";"2026-07-22";"https://www.tramitacastillayleon.jcyl.es";"Convocatoria subnacional fuera de Aragon sin requisito territorial suficientemente claro.";"auditoria_2026-08-06"
"40";"alta";"pendiente";"";"";"872920";"Orden de 2 de diciembre de 2025 por la que se establecen las bases reguladoras para la concesión de ayudas para la adquisición de vehículos adaptados a personas con movilidad reducida (EUROTAXI), vehículos taxi de emisiones CERO y vehículos taxi ECO y se";"territorial_eligibility_unverified";"Comprobar si exige centro previo, solo localización del proyecto o permite abrir centro; si permite abrirlo, confirmar al menos 730 días de ejecución.";"2026-10-14";"2025-12-22";"https://www.pap.hacienda.gob.es/bdnstrans/GE/es/convocatorias/872920";"Convocatoria subnacional fuera de Aragon sin requisito territorial suficientemente claro.";"auditoria_2026-08-06"
"41";"alta";"pendiente";"";"";"920356";"Orden de 20 de julio 2026 de la Consejería de Medio Ambiente y Energía por la que se convocan ayudas, cofinanciadas por (FEADER), destinadas al fomento de plantaciones de especies con producciones forestales de alto valor en PEPAC 2023-2027. año 2026.";"territorial_eligibility_unverified";"Comprobar si exige centro previo, solo localización del proyecto o permite abrir centro; si permite abrirlo, confirmar al menos 730 días de ejecución.";"2026-09-25";"2026-07-24";"https://www.tramitacastillayleon.jcyl.es";"Convocatoria subnacional fuera de Aragon sin requisito territorial suficientemente claro.";"auditoria_2026-08-06"
"42";"alta";"pendiente";"";"";"920474";"Orden de 20 de julio de 2026, de la Consejería de Industria, Universidades, Empleo y Comercio por la que se convoca el Programa I de las subvenciones dirigidas a promover la comercialización y garantizar el abastecimiento en el medio rural.";"territorial_eligibility_unverified";"Comprobar si exige centro previo, solo localización del proyecto o permite abrir centro; si permite abrirlo, confirmar al menos 730 días de ejecución.";"2026-10-01";"2026-08-04";"https://www.tramitacastillayleon.jcyl.es";"Convocatoria subnacional fuera de Aragon sin requisito territorial suficientemente claro.";"auditoria_2026-08-06"
"43";"alta";"pendiente";"";"";"921183";"Orden de 23 de julio de 2026 de la Consejera de Política Social, Familias e Igualdad por la que se aprueba la convocatoria de subvenciones a empresas de la Región de Murcia para la implantación de Planes de Igualdad";"territorial_eligibility_unverified";"Comprobar si exige centro previo, solo localización del proyecto o permite abrir centro; si permite abrirlo, confirmar al menos 730 días de ejecución.";"2026-09-16";"";"https://www.pap.hacienda.gob.es/bdnstrans/GE/es/convocatorias/921183";"Convocatoria subnacional fuera de Aragon sin requisito territorial suficientemente claro.";"auditoria_2026-08-06"
"44";"alta";"pendiente";"";"";"915103";"Orden de 24 de junio de 2026, de la Consejería de Industria, Universidades, Empleo y Comercio, por la que se convocan subvenciones destinadas a la inversión fija vinculada a la creación de nuevos puestos de trabajo en empresas de inserción.";"territorial_eligibility_unverified";"Comprobar si exige centro previo, solo localización del proyecto o permite abrir centro; si permite abrirlo, confirmar al menos 730 días de ejecución.";"2026-09-17";"2026-06-27";"https://www.tramitacastillayleon.jcyl.es";"Convocatoria subnacional fuera de Aragon sin requisito territorial suficientemente claro.";"auditoria_2026-08-06"
"45";"alta";"pendiente";"";"";"910836";"Orden de 4 de junio de 2026, de la Consejería de Industria, Comercio y Empleo, por la que se convocan subvenciones a la creación y/o mantenimiento de puestos de trabajo de personas en riesgo o situación de exclusión social en empresas de inserción.";"territorial_eligibility_unverified";"Comprobar si exige centro previo, solo localización del proyecto o permite abrir centro; si permite abrirlo, confirmar al menos 730 días de ejecución.";"2026-09-17";"2026-06-10";"https://www.pap.hacienda.gob.es/bdnstrans/GE/es/convocatorias/910836";"Convocatoria subnacional fuera de Aragon sin requisito territorial suficientemente claro.";"auditoria_2026-08-06"
"46";"alta";"pendiente";"";"";"911450";"Orden de 8 de Junio de 2026, de la Consejería de Industria, Comercio y Empleo, por la que se convocan subvenciones por asistencia técnica en empresas de inserción.";"territorial_eligibility_unverified";"Comprobar si exige centro previo, solo localización del proyecto o permite abrir centro; si permite abrirlo, confirmar al menos 730 días de ejecución.";"2026-09-15";"2026-06-12";"https://www.pap.hacienda.gob.es/bdnstrans/GE/es/convocatorias/911450";"Convocatoria subnacional fuera de Aragon sin requisito territorial suficientemente claro.";"auditoria_2026-08-06"
"47";"alta";"pendiente";"";"";"921551";"Orden IND/37/2026, de 27 de julio, de convocatoria de subvenciones 2026 correspondiente al programa “Talento y Empleo”: formación profesional a medida de las empresas en sectores estratégicos: Industria de los electrodomésticos y utensilios de cocina";"territorial_eligibility_unverified";"Comprobar si exige centro previo, solo localización del proyecto o permite abrir centro; si permite abrirlo, confirmar al menos 730 días de ejecución.";"2026-09-04";"2026-08-04";"https://www.pap.hacienda.gob.es/bdnstrans/GE/es/convocatorias/921551";"Convocatoria subnacional fuera de Aragon sin requisito territorial suficientemente claro.";"auditoria_2026-08-06"
"48";"alta";"pendiente";"";"";"921311";"ORDEN POR LA QUE SE CONVOCAN SUBVENCIONES DE APOYO A AGRUPACIONES EMPRESARIALES INNOVADORAS O CLÚSTERES PARA LA REALIZACIÓN DE ACTUACIONES DE INNOVACIÓN EN CANARIAS, EJERCICIO 2027, EN TRAMITACIÓN ANTICIPADA";"territorial_eligibility_unverified";"Comprobar si exige centro previo, solo localización del proyecto o permite abrir centro; si permite abrirlo, confirmar al menos 730 días de ejecución.";"2026-10-31";"2026-10-01";"https://sede.gobiernodecanarias.org/sede/procedimientos_servicios/tramites/10617";"Convocatoria subnacional fuera de Aragon sin requisito territorial suficientemente claro.";"auditoria_2026-08-06"
"49";"alta";"pendiente";"";"";"920602";"Orden por la que se establecen las bases reguladoras para la concesión de subvenciones a las empresas privadas para el fomento de la sostenibilidad en el desarrollo de la actividad industrial del sector minero.(Líneas 1 y 4)";"territorial_eligibility_unverified";"Comprobar si exige centro previo, solo localización del proyecto o permite abrir centro; si permite abrirlo, confirmar al menos 730 días de ejecución.";"2026-08-24";"2026-07-25";"https://www.pap.hacienda.gob.es/bdnstrans/GE/es/convocatorias/920602";"Convocatoria subnacional fuera de Aragon sin requisito territorial suficientemente claro.";"auditoria_2026-08-06"
"50";"alta";"pendiente";"";"";"920582";"Orden por la que se establecen las bases reguladoras para la concesión de subvenciones a las empresas privadas, para el fomento de la sostenibilidad en el desarrollo de la actividad industrial del sector minero.(Líneas 2,3 y 5)";"territorial_eligibility_unverified";"Comprobar si exige centro previo, solo localización del proyecto o permite abrir centro; si permite abrirlo, confirmar al menos 730 días de ejecución.";"2026-08-24";"2026-07-25";"https://www.pap.hacienda.gob.es/bdnstrans/GE/es/convocatorias/920582";"Convocatoria subnacional fuera de Aragon sin requisito territorial suficientemente claro.";"auditoria_2026-08-06"
"51";"alta";"pendiente";"";"";"720445";"Plan complementario Energía e Hidrógeno Verde";"territorial_eligibility_unverified";"Comprobar si exige centro previo, solo localización del proyecto o permite abrir centro; si permite abrirlo, confirmar al menos 730 días de ejecución.";"";"";"www.euskadi.eus";"Convocatoria subnacional fuera de Aragon sin requisito territorial suficientemente claro.";"auditoria_2026-08-06"
"52";"alta";"pendiente";"";"";"908965";"PLAN PARA INCENTIVAR LA ADQUISICIÓN DE SUELO INDUSTRIAL PROPIEDAD MUNICIPAL Y PÚBLICO EN MUNICIPIOS DE LA PROVINCIA DE ZARAGOZA 2026";"territorial_eligibility_unverified";"Comprobar si exige centro previo, solo localización del proyecto o permite abrir centro; si permite abrirlo, confirmar al menos 730 días de ejecución.";"2026-10-15";"";"https://www.pap.hacienda.gob.es/bdnstrans/GE/es/convocatorias/908965";"Convocatoria subnacional fuera de Aragon sin requisito territorial suficientemente claro.";"auditoria_2026-08-06"
"53";"alta";"pendiente";"";"";"907752";"por la que se establecen las bases reguladoras y la convocatoria de las ayudas de Industria Dual destinadas a apoyar la cadena industrial gallega en el proceso de producción de bienes y servicios tecnológicos de uso dual destinados a los ámbitos de la Seg";"territorial_eligibility_unverified";"Comprobar si exige centro previo, solo localización del proyecto o permite abrir centro; si permite abrirlo, confirmar al menos 730 días de ejecución.";"2026-09-04";"2026-06-04";"https://sede.xunta.gal/es/portada";"Convocatoria subnacional fuera de Aragon sin requisito territorial suficientemente claro.";"auditoria_2026-08-06"
"54";"alta";"pendiente";"";"";"909113";"Pròrroga 2026 del convenio de colaboración para la dinamizacion y soporte al desarrollo del sector industrial";"territorial_eligibility_unverified";"Comprobar si exige centro previo, solo localización del proyecto o permite abrir centro; si permite abrirlo, confirmar al menos 730 días de ejecución.";"2026-12-31";"2026-01-01";"https://www.pap.hacienda.gob.es/bdnstrans/GE/es/convocatorias/909113";"Convocatoria subnacional fuera de Aragon sin requisito territorial suficientemente claro.";"auditoria_2026-08-06"
"55";"alta";"pendiente";"";"";"914587";"RESOLUCIÓN de 18 de junio de 2026, Presidencia del Instituto Valenciano de Competitividad Empresarial (IVACE), por la que se convocan ayudas en materia de eficiencia energética en empresas, presupuesto 2026, financiación Unión Europea a través FEDER";"territorial_eligibility_unverified";"Comprobar si exige centro previo, solo localización del proyecto o permite abrir centro; si permite abrirlo, confirmar al menos 730 días de ejecución.";"2026-10-29";"2026-06-27";"http://www.ivace.es";"Convocatoria subnacional fuera de Aragon sin requisito territorial suficientemente claro.";"auditoria_2026-08-06"
"56";"alta";"pendiente";"";"";"687148";"RESOLUCIÓN DE ALCALDÍA Nº1504 DEL 20/03/2023 APROBANDO LAS BASES REGULADORAS DE LA CONCESIÓN DE SUBVENCIONES A FAVOR DE LOS TITULARES DE LICENCIAS DE AUTOTAXI DEL AYTO DE TORRELAVEGA, PARA FOMENTAR LA ADQUISICIÓN DE VEHÍCULOS ECO Y CERO EMISIONES";"territorial_eligibility_unverified";"Comprobar si exige centro previo, solo localización del proyecto o permite abrir centro; si permite abrirlo, confirmar al menos 730 días de ejecución.";"";"";"https://www.pap.hacienda.gob.es/bdnstrans/GE/es/convocatorias/687148";"Convocatoria subnacional fuera de Aragon sin requisito territorial suficientemente claro.";"auditoria_2026-08-06"
"57";"alta";"pendiente";"";"";"889461";"Resolución del consejero de Economía, Hacienda e Innovación por la cual se aprueba la convocatoria de ayudas para 2026-2027 a empresas con actividad en Islas Baleares para cubrir las comisiones de apertura i estudio, intereses y costa aval de SGR para op.";"territorial_eligibility_unverified";"Comprobar si exige centro previo, solo localización del proyecto o permite abrir centro; si permite abrirlo, confirmar al menos 730 días de ejecución.";"";"2025-10-15";"https://www.pap.hacienda.gob.es/bdnstrans/GE/es/convocatorias/889461";"Convocatoria subnacional fuera de Aragon sin requisito territorial suficientemente claro.";"auditoria_2026-08-06"
"58";"alta";"pendiente";"";"";"902706";"Resolución del consejero de Empresa, Ocupación y Energía, y presidente del SOIB dirigidos a personas con especiales dificultades";"territorial_eligibility_unverified";"Comprobar si exige centro previo, solo localización del proyecto o permite abrir centro; si permite abrirlo, confirmar al menos 730 días de ejecución.";"2026-08-17";"2026-05-17";"https://www.caib.es/seucaib/ca/201/empreses/tramites/tramite/6070595/";"Convocatoria subnacional fuera de Aragon sin requisito territorial suficientemente claro.";"auditoria_2026-08-06"
"59";"alta";"pendiente";"";"";"918808";"RESOLUCIÓN DEL DIRECTOR GENERAL DEL INSTITUTO DE LAS INDUSTRIAS CULTURALES Y LAS ARTES DE LA REGIÓN DE MURCIA, POR LA QUE SE CONVOCAN AYUDAS ECONÓMICAS PARA MOVILIDAD NACIONAL E INTERNACIONAL DE PROFESIONALES DE LAS INDUSTRIAS CULTURALES Y CREATIVAS.";"territorial_eligibility_unverified";"Comprobar si exige centro previo, solo localización del proyecto o permite abrir centro; si permite abrirlo, confirmar al menos 730 días de ejecución.";"";"";"https://sede.carm.es/web/pagina?IDCONTENIDO=2385&IDTIPO=240&RASTRO=c$m40288";"Convocatoria subnacional fuera de Aragon sin requisito territorial suficientemente claro.";"auditoria_2026-08-06"
"60";"alta";"pendiente";"";"";"920625";"Sub. 2026 a empresas adheridas del programa Formación y Empleo PASARELA EMPRESA según Resolución de 15 de julio de 2026";"territorial_eligibility_unverified";"Comprobar si exige centro previo, solo localización del proyecto o permite abrir centro; si permite abrirlo, confirmar al menos 730 días de ejecución.";"2026-10-31";"";"https://www.juntaex.es/w/0721625?inheritRedirect=true";"Convocatoria subnacional fuera de Aragon sin requisito territorial suficientemente claro.";"auditoria_2026-08-06"
"61";"alta";"pendiente";"";"";"920624";"Sub. 2026 NO MINIMIS a entidades promotoras del programa Formación y Empleo PASARELA EMPRESA según Resolución de 15 de julio de 2026";"territorial_eligibility_unverified";"Comprobar si exige centro previo, solo localización del proyecto o permite abrir centro; si permite abrirlo, confirmar al menos 730 días de ejecución.";"2026-10-31";"";"https://www.juntaex.es/w/0721625?inheritRedirect=true";"Convocatoria subnacional fuera de Aragon sin requisito territorial suficientemente claro.";"auditoria_2026-08-06"
"62";"alta";"pendiente";"";"";"923043";"Subvenciones para proyectos de investigación aplicada y desarroloo tecnológico para la cadena de valor sector de la quimica 2026";"territorial_eligibility_unverified";"Comprobar si exige centro previo, solo localización del proyecto o permite abrir centro; si permite abrirlo, confirmar al menos 730 días de ejecución.";"2026-09-22";"2026-08-06";"https://www.pap.hacienda.gob.es/bdnstrans/GE/es/convocatorias/923043";"Convocatoria subnacional fuera de Aragon sin requisito territorial suficientemente claro.";"auditoria_2026-08-06"
"63";"alta";"pendiente";"";"";"900504";"TI4 Digitalización e Industria (Reg.Minimis 2023/2831)";"territorial_eligibility_unverified";"Comprobar si exige centro previo, solo localización del proyecto o permite abrir centro; si permite abrirlo, confirmar al menos 730 días de ejecución.";"2026-12-11";"";"https://www.pap.hacienda.gob.es/bdnstrans/GE/es/convocatorias/900504";"Convocatoria subnacional fuera de Aragon sin requisito territorial suficientemente claro.";"auditoria_2026-08-06"
"64";"alta";"pendiente";"";"";"900505";"TI4 Digitalización e Industria (Reg.MinimisP 717/2014)";"territorial_eligibility_unverified";"Comprobar si exige centro previo, solo localización del proyecto o permite abrir centro; si permite abrirlo, confirmar al menos 730 días de ejecución.";"2026-12-11";"";"https://www.pap.hacienda.gob.es/bdnstrans/GE/es/convocatorias/900505";"Convocatoria subnacional fuera de Aragon sin requisito territorial suficientemente claro.";"auditoria_2026-08-06"
"65";"alta";"pendiente";"";"";"923650";"V EDICIÓN PREMIOS A LA EXCELENCIA EMPRESARIAL AGENDA URBANA 2030 DEL AYUNTAMIENTO DE SANTIAGO DE COMPOSTELA";"territorial_eligibility_unverified";"Comprobar si exige centro previo, solo localización del proyecto o permite abrir centro; si permite abrirlo, confirmar al menos 730 días de ejecución.";"";"";"https://www.pap.hacienda.gob.es/bdnstrans/GE/es/convocatorias/923650";"Convocatoria subnacional fuera de Aragon sin requisito territorial suficientemente claro.";"auditoria_2026-08-06"
"66";"alta";"pendiente";"";"";"692325";"vehículos cero emisiones destinados al servicio colectivo de lanzadora e infraestructura";"territorial_eligibility_unverified";"Comprobar si exige centro previo, solo localización del proyecto o permite abrir centro; si permite abrirlo, confirmar al menos 730 días de ejecución.";"";"";"https://www.pap.hacienda.gob.es/bdnstrans/GE/es/convocatorias/692325";"Convocatoria subnacional fuera de Aragon sin requisito territorial suficientemente claro.";"auditoria_2026-08-06"
"67";"media";"pendiente";"";"";"891467";"2 conv. y bases reguladoras para la concesión de subvenciones en régimen de concurrencia no competitiva, a proyectos de Eficiencia Energética y Economía Circular de Empresas Turísticas, Plan de Recuperación, Transf. y resiliencia, Comp. 14, Inv 4, Subm 2.";"active_status_unverified";"Confirmar plazo futuro o evidencia expresa de ventanilla abierta; si no existe, rechazar.";"";"";"https://sede.procesa.es/eAdmin/Sede.do";"No consta un plazo futuro ni una ventanilla indefinida verificable.";"auditoria_2026-08-06"
"68";"media";"pendiente";"";"";"913887";"2ª Convocatoria Subvención 2026 para fomento de la Seguridad y Salud en el trabajo para empresas de Extremadura, según Resolución de 5 de junio de 2026 de la Secretaría General de la Consejería de Economía, Empleo y Transformación Digital, por la que se";"active_status_unverified";"Confirmar plazo futuro o evidencia expresa de ventanilla abierta; si no existe, rechazar.";"";"";"https://www.juntaex.es/w/0691724";"No consta un plazo futuro ni una ventanilla indefinida verificable.";"auditoria_2026-08-06"
"69";"media";"pendiente";"";"";"920065";"Acuerdo de 04 de junio de 2026, de la JCYL, por el que se autoriza la concesión directa de una subvención a la Fundación Universidad de Valladolid, para impulsar la investigación en medicina regenerativa y terapia celular";"active_status_unverified";"Confirmar plazo futuro o evidencia expresa de ventanilla abierta; si no existe, rechazar.";"";"";"https://www.pap.hacienda.gob.es/bdnstrans/GE/es/convocatorias/920065";"No consta un plazo futuro ni una ventanilla indefinida verificable.";"auditoria_2026-08-06"
"70";"media";"pendiente";"";"";"915155";"Acuerdo de 28 de mayo de 2026, de la Junta de Castilla y León, por el que se autoriza la concesión directa de una subvención al Consejo de Cámaras Oficiales de Comercio, Industria y Servicios de Castilla y León";"active_status_unverified";"Confirmar plazo futuro o evidencia expresa de ventanilla abierta; si no existe, rechazar.";"";"";"https://www.pap.hacienda.gob.es/bdnstrans/GE/es/convocatorias/915155";"No consta un plazo futuro ni una ventanilla indefinida verificable.";"auditoria_2026-08-06"
"71";"media";"pendiente";"";"";"655572";"ACUERDO DE JGL DE 21/10/2022 POR EL QUE SE APRUEBA LA CONVOCATORIA DE SUBVENCIONES DEL EXCMO. AYUNTAMIENTO DE ALMERÍA CORRESPONDIENTES AL AÑO 2022 DESTINADAS A LOS PROFESIONALES DEL TAXI QUE ADQUIERAN VEHÍCULOS CON DISTINTIVO ECO O EMISIONES CERO";"active_status_unverified";"Confirmar plazo futuro o evidencia expresa de ventanilla abierta; si no existe, rechazar.";"";"";"https://www.almeriaciudad.es";"No consta un plazo futuro ni una ventanilla indefinida verificable.";"auditoria_2026-08-06"
"72";"media";"pendiente";"";"";"837006";"ACUERDO DE JUNTA DE GOBIERNO LOCAL DE 30 DE MAYO DE 2025 APRUEBA CONVOCATORIA SUBVENCIONES A PROFESIONALES DEL TAXI POR LA ADQUISICIÓN DE VEHÍCULOS CON DISTINTIVO ECO Y EMISIONES CERO DURANTE EL EJERCICIO 2024";"active_status_unverified";"Confirmar plazo futuro o evidencia expresa de ventanilla abierta; si no existe, rechazar.";"";"";"https://www.pap.hacienda.gob.es/bdnstrans/GE/es/convocatorias/837006";"No consta un plazo futuro ni una ventanilla indefinida verificable.";"auditoria_2026-08-06"
"73";"media";"pendiente";"";"";"905851";"ACUERDO DE JUNTA DE GOBIERNO LOCAL DE 8 DE MAYO DE 2026 APRUEBA CONVOCATORIA SUBVENCIONES A PROFESIONALES DEL TAXI POR LA ADQUISICIÓN DE VEHÍCULOS CON DISTINTIVO ECO Y CERO EMISIONES ADQUIRIDOS EN 2025";"active_status_unverified";"Confirmar plazo futuro o evidencia expresa de ventanilla abierta; si no existe, rechazar.";"";"";"https://www.pap.hacienda.gob.es/bdnstrans/GE/es/convocatorias/905851";"No consta un plazo futuro ni una ventanilla indefinida verificable.";"auditoria_2026-08-06"
"74";"media";"pendiente";"";"";"923377";"Acuerdo de la Diputación Foral de Bizkaia para la aprobación del convenio a suscribir con la Universidad del País Vasco- Euskal Herriko Unibertsitatea para el desarrollo del proyecto Viveros empresariales Zitek";"active_status_unverified";"Confirmar plazo futuro o evidencia expresa de ventanilla abierta; si no existe, rechazar.";"";"";"https://www.ebizkaia.eus/es/catalogo-de-tramites-y-servicios";"No consta un plazo futuro ni una ventanilla indefinida verificable.";"auditoria_2026-08-06"
"75";"media";"pendiente";"";"";"920143";"ACUERDO de la Diputación Foral de Bizkaia que concede una subvención nominativa a FUNDACIÓN INVESTIGACION UNIVERSIDAD EMPRESA, JAKINTZA LANEZKO IKERKUNTZA-EUSKOIKER en 2026 y autoriza la firma de su convenio regulador";"active_status_unverified";"Confirmar plazo futuro o evidencia expresa de ventanilla abierta; si no existe, rechazar.";"";"";"https://www.ebizkaia.eus/es/catalogo-de-tramites-y-servicios";"No consta un plazo futuro ni una ventanilla indefinida verificable.";"auditoria_2026-08-06"
"76";"media";"pendiente";"";"";"890001";"Acuerdo de la Junta de Gobierno Local adoptado en S.O. celebrada el día 29 de diciembre por el que se convocan subvenciones para fomentar la adquisición de vehículos Eco y Cero Emisiones, a favor de titulares de Licencias de Taxi del Ayto. de Torrelavega";"active_status_unverified";"Confirmar plazo futuro o evidencia expresa de ventanilla abierta; si no existe, rechazar.";"";"";"https://sede.torrelavega.es/";"No consta un plazo futuro ni una ventanilla indefinida verificable.";"auditoria_2026-08-06"
"77";"media";"pendiente";"";"";"790823";"ACUERDO DE LA JUNTA DE GOBIERNO LOCAL DE 11 OCTUBRE DE 2024 APRUEBA CONVOCATORIA SUBVENCIONES A PROFESIONALES DEL TAXI POR LA ADQUISICIÓN DE VEHÍCULOS CON DISTINTIVO ECO Y EMISIONES CERO DURANTE EL EJERCICIO 2023";"active_status_unverified";"Confirmar plazo futuro o evidencia expresa de ventanilla abierta; si no existe, rechazar.";"";"";"https://www.pap.hacienda.gob.es/bdnstrans/GE/es/convocatorias/790823";"No consta un plazo futuro ni una ventanilla indefinida verificable.";"auditoria_2026-08-06"
"78";"media";"pendiente";"";"";"914262";"Acuerdo del CEX, de 01.06.26, relativo al convenio con el ITEB para mejorar el funcionamiento de la estación central de depuración, los controles analíticos y la seguridad en la gestión de las aguas residuales generadas en la industria bisutera";"active_status_unverified";"Confirmar plazo futuro o evidencia expresa de ventanilla abierta; si no existe, rechazar.";"";"";"www.cime.es";"No consta un plazo futuro ni una ventanilla indefinida verificable.";"auditoria_2026-08-06"
"79";"media";"pendiente";"";"";"906066";"Acuerdo Junta de Gobierno Local de 13 de mayo de 2026 que aprueba el convenio de colaboración entre Ayto de Logroño y la Cámara Oficial Comercio, Industria y Servicios la Rioja para la gestión de actividades dinamización comercial de Logroño";"active_status_unverified";"Confirmar plazo futuro o evidencia expresa de ventanilla abierta; si no existe, rechazar.";"";"";"https://www.pap.hacienda.gob.es/bdnstrans/GE/es/convocatorias/906066";"No consta un plazo futuro ni una ventanilla indefinida verificable.";"auditoria_2026-08-06"
"80";"media";"pendiente";"";"";"724106";"ACUERDO JUNTA GOBIERNO LOCAL 27/10/2023 POR EL QUE SE CONVOCAN SUBVENCIONES A PROFESIONALES DEL TAXI POR LA ADQUISICIÓN DE VEHÍCULOS ECO Y VEHÍCULOS CON EMISIONES CERO PARA EL EJERCICIO 2023, POR IMPORTE TOTAL DE 20.000,00 €.";"active_status_unverified";"Confirmar plazo futuro o evidencia expresa de ventanilla abierta; si no existe, rechazar.";"";"";"https://www.pap.hacienda.gob.es/bdnstrans/GE/es/convocatorias/724106";"No consta un plazo futuro ni una ventanilla indefinida verificable.";"auditoria_2026-08-06"
"81";"media";"pendiente";"";"";"918726";"Acuerdo número 20 de 9 de julio de 2026 de la Diputación Foral de Bizkaia por el que se concede la subvención directa nominativa a favor de la Cámara de Comercio Industria Servicios y Navegación de Bilbao para el proyecto Atracción de Inversiones";"active_status_unverified";"Confirmar plazo futuro o evidencia expresa de ventanilla abierta; si no existe, rechazar.";"";"";"https://www.ebizkaia.eus/es/catalogo-de-tramites-y-servicios";"No consta un plazo futuro ni una ventanilla indefinida verificable.";"auditoria_2026-08-06"
"82";"media";"pendiente";"";"";"922213";"ACUERDO por el que se aprueba el convenio por el que se concede una subvención excepecional a favor de BUILD:INN para la implementación del Programa de formación para dar respuesta a las necesidades futuras en la industria de la construcción";"active_status_unverified";"Confirmar plazo futuro o evidencia expresa de ventanilla abierta; si no existe, rechazar.";"";"";"https://www.ebizkaia.eus/es/catalogo-de-tramites-y-servicios";"No consta un plazo futuro ni una ventanilla indefinida verificable.";"auditoria_2026-08-06"
"83";"media";"pendiente";"";"";"903864";"ACUERDO por el que se aprueba el convenio por el que se concede una subvención nominativa a favor de ASOC KI CULTURA ABIERTA-KULTURA IREKIA para la divulgación de la importancia del trabajo industrial";"active_status_unverified";"Confirmar plazo futuro o evidencia expresa de ventanilla abierta; si no existe, rechazar.";"";"";"https://www.ebizkaia.eus/es/catalogo-de-tramites-y-servicios";"No consta un plazo futuro ni una ventanilla indefinida verificable.";"auditoria_2026-08-06"
"84";"media";"pendiente";"";"";"922167";"ADENDA Nº1/2026 AL CONVENIO SUSCRITO ENTRE EL GOBIERNO DE ARAGON Y LA UNIVERSIDAD DE ZARAGOZA POR EL QUE SE ACTUALIZAN LAS CONDICIONES DE COLABORACIÓN EN EL MARCO DE LA “CÁTEDRA DE TRANSFORMACIÓN INDUSTRIAL”";"active_status_unverified";"Confirmar plazo futuro o evidencia expresa de ventanilla abierta; si no existe, rechazar.";"";"";"https://www.pap.hacienda.gob.es/bdnstrans/GE/es/convocatorias/922167";"No consta un plazo futuro ni una ventanilla indefinida verificable.";"auditoria_2026-08-06"
"85";"media";"pendiente";"";"";"923251";"Aportación a la Fundación Centro de investigación en agrotecnologia-*Agrotecnio, para la financiación del proyecto Construcción y puesta en marcha del centro de edición genómica de cereales"" para el periodo 2026-2028";"active_status_unverified";"Confirmar plazo futuro o evidencia expresa de ventanilla abierta; si no existe, rechazar.";"";"";"https://www.pap.hacienda.gob.es/bdnstrans/GE/es/convocatorias/923251";"No consta un plazo futuro ni una ventanilla indefinida verificable.";"auditoria_2026-08-06"
"86";"media";"pendiente";"";"";"920468";"Aportación a la Fundación Instituto de Investigación del Hospital de la Santa Cruz y Santo Pablo (IRSTP) para financiar gastos de funcionamiento e inversión 2026";"active_status_unverified";"Confirmar plazo futuro o evidencia expresa de ventanilla abierta; si no existe, rechazar.";"";"";"https://www.pap.hacienda.gob.es/bdnstrans/GE/es/convocatorias/920468";"No consta un plazo futuro ni una ventanilla indefinida verificable.";"auditoria_2026-08-06"
"87";"media";"pendiente";"";"";"523868";"APORTACIÓN DINERARIA - AL MUSEO ELDER. ACCIONES REDUCCIÓN EMISIONES";"active_status_unverified";"Confirmar plazo futuro o evidencia expresa de ventanilla abierta; si no existe, rechazar.";"";"";"https://www.pap.hacienda.gob.es/bdnstrans/GE/es/convocatorias/523868";"No consta un plazo futuro ni una ventanilla indefinida verificable.";"auditoria_2026-08-06"
"88";"media";"pendiente";"";"";"921534";"APROBAR LA CONVOCATORIA DE LA 40ª EDICIÓN DE LAS BECAS DE INVESTIGACIÓN DE LA CIUDAD DE L'HOSPITALET PARA LICENCIADOS/AS O GRADUADOS/AS UNIVERSITARIOS/ARIAS, Y LAS BASES QUE REGULAN SU CONCESIÓN PARA EL EJERCICIO 2026";"active_status_unverified";"Confirmar plazo futuro o evidencia expresa de ventanilla abierta; si no existe, rechazar.";"";"";"https://seuelectronica.l-h.cat/tramits/r/detallTramit.aspx?1jcWXh1JeQeSGhIRtMTZDF1fU7DDNMKYIvfTMMvOU2WoqazB";"No consta un plazo futuro ni una ventanilla indefinida verificable.";"auditoria_2026-08-06"
"89";"media";"pendiente";"";"";"922981";"Ayudas 2026 destinadas a favorecer el Relevo Generacional en las empresas de ámbito familiar según Decreto 140/2026, de 21 de julio que las convoca.";"active_status_unverified";"Confirmar plazo futuro o evidencia expresa de ventanilla abierta; si no existe, rechazar.";"";"";"https://www.juntaex.es/w/0606822";"No consta un plazo futuro ni una ventanilla indefinida verificable.";"auditoria_2026-08-06"
"90";"media";"pendiente";"";"";"905019";"Ayudas a establecimientos de restauración, casas rurales, comercios e industrias minoristas, ganaderos y sociedades ganaderas, regentados por personas físicas, que desarrollen su actividad en la localidad de Villasur de Herreros.";"active_status_unverified";"Confirmar plazo futuro o evidencia expresa de ventanilla abierta; si no existe, rechazar.";"";"";"https://www.pap.hacienda.gob.es/bdnstrans/GE/es/convocatorias/905019";"No consta un plazo futuro ni una ventanilla indefinida verificable.";"auditoria_2026-08-06"
"91";"media";"pendiente";"";"";"899043";"Ayudas a proyectos de innovación y digitalización de medios de comunicación en euskera";"active_status_unverified";"Confirmar plazo futuro o evidencia expresa de ventanilla abierta; si no existe, rechazar.";"";"";"euskarabidea@navarra.es";"No consta un plazo futuro ni una ventanilla indefinida verificable.";"auditoria_2026-08-06"
"92";"media";"pendiente";"";"";"923290";"AYUDAS CONCURRENCIA COMPETITIVA LÍNEA A DESARROLLO ACTIVIDADES INTERÉS GENERAL CONSIDERADAS INTERÉS SOCIAL, EN EL ÁMBITO DE LA INVESTIGACIÓN CIENTÍFICA Y TÉCNICA Y PROTECCIÓN MEDIO AMBIENTE EN MATERIAS DE COMPETENCIA ESTATAL. ANUALIDAD 2026.";"active_status_unverified";"Confirmar plazo futuro o evidencia expresa de ventanilla abierta; si no existe, rechazar.";"";"";"https://sede.miteco.gob.es/portal/site/seMITECO";"No consta un plazo futuro ni una ventanilla indefinida verificable.";"auditoria_2026-08-06"
"93";"media";"pendiente";"";"";"922560";"AYUDAS COOP. GRUPOS OPERATIVOS ASOC. EUROPEA INNOVACIÓN. FASE EJECUCIÓN 26";"active_status_unverified";"Confirmar plazo futuro o evidencia expresa de ventanilla abierta; si no existe, rechazar.";"";"";"https://www.pap.hacienda.gob.es/bdnstrans/GE/es/convocatorias/922560";"No consta un plazo futuro ni una ventanilla indefinida verificable.";"auditoria_2026-08-06"
"94";"media";"pendiente";"";"";"920883";"Ayudas Extremadura Avante a empresas para participación agrupada en la Feria PLMA CHICAGO 2026, según el Acuerdo de 21 de julio de 2026 que las convoca.";"active_status_unverified";"Confirmar plazo futuro o evidencia expresa de ventanilla abierta; si no existe, rechazar.";"";"";"https://www.pap.hacienda.gob.es/bdnstrans/GE/es/convocatorias/920883";"No consta un plazo futuro ni una ventanilla indefinida verificable.";"auditoria_2026-08-06"
"95";"media";"pendiente";"";"";"923229";"Ayudas Extremadura Avante a empresas para participación agrupada en la Misión Comercial Hong Kong 2026, según el Acuerdo de 29 de julio de 2026 que las convoca.";"active_status_unverified";"Confirmar plazo futuro o evidencia expresa de ventanilla abierta; si no existe, rechazar.";"";"";"https://www.pap.hacienda.gob.es/bdnstrans/GE/es/convocatorias/923229";"No consta un plazo futuro ni una ventanilla indefinida verificable.";"auditoria_2026-08-06"
"96";"media";"pendiente";"";"";"842844";"Ayudas para a personas trabajadoras autónomas y microempresas ubicados en las calles afectadas por las obras de zonas de bajas emisiones y calles adyacentes a las mismas.";"active_status_unverified";"Confirmar plazo futuro o evidencia expresa de ventanilla abierta; si no existe, rechazar.";"";"";"sede.castello.es";"No consta un plazo futuro ni una ventanilla indefinida verificable.";"auditoria_2026-08-06"
"97";"media";"pendiente";"";"";"920884";"Ayudas para la matrícula del estudiantado en estudios de máster oficial o de formación permanente, en el marco del Aula IPLA de Ingeniería e Innovación.";"active_status_unverified";"Confirmar plazo futuro o evidencia expresa de ventanilla abierta; si no existe, rechazar.";"";"";"ujiapps.uji.es/seu/info-adm/tao/convocatoriesRH?pArId=87650";"No consta un plazo futuro ni una ventanilla indefinida verificable.";"auditoria_2026-08-06"
"98";"media";"pendiente";"";"";"920917";"BASES REGULADORAS DE LA CONVOCATORIA DE CONCESIÓN DE SUBVENCIONES A ENTIDADES LOCALES DE MENOS DE 10.000 HABITANTES EN 2026 PARA LA FINANCIACIÓN DE ACTUACIONES DE MEJORA DE LAS INFRAESTRUCTURAS EN POLÍGONOS INDUSTRIALES DE LA PROVINCIA DE ÁVILA";"active_status_unverified";"Confirmar plazo futuro o evidencia expresa de ventanilla abierta; si no existe, rechazar.";"";"";"https://www.pap.hacienda.gob.es/bdnstrans/GE/es/convocatorias/920917";"No consta un plazo futuro ni una ventanilla indefinida verificable.";"auditoria_2026-08-06"
"99";"media";"pendiente";"";"";"913792";"BASES REGULADORAS Y CONVOCATORIA DEL PLAN PROVINCIAL DE AUTOCONSUMOS COLECTIVOS EN EDIFICIOS MUNICIPALES PARA CONTRIBUIR A LA DESCARBONIZACIÓN DE LOS SERVICIOS LOCALES.";"active_status_unverified";"Confirmar plazo futuro o evidencia expresa de ventanilla abierta; si no existe, rechazar.";"";"";"https://sede.dip-badajoz.es";"No consta un plazo futuro ni una ventanilla indefinida verificable.";"auditoria_2026-08-06"
"100";"media";"pendiente";"";"";"897464";"Bases reguladoras y convocatoria para la concesión de subvenciones para la mejora estética y actuaciones dirigidas a la innovación y a la digitalización de establecimientos físicos para el año 2026 en el término municipal de Calvià.";"active_status_unverified";"Confirmar plazo futuro o evidencia expresa de ventanilla abierta; si no existe, rechazar.";"";"";"https://www.calvia.com/";"No consta un plazo futuro ni una ventanilla indefinida verificable.";"auditoria_2026-08-06"
"101";"media";"pendiente";"";"";"787552";"Bases reguladoras y la convocatoria de premios a Trabajos Fin de Grado y Fin de Master de la Cátedra Gabitel sobre el hidrógeno de la Universidad de Huelva (III Edición Convocatoria 2024).";"active_status_unverified";"Confirmar plazo futuro o evidencia expresa de ventanilla abierta; si no existe, rechazar.";"";"";"https://sede.uhu.es/datos_procedimiento.php?id_procedimiento=25&nombre_procedimiento=Instancia%20de%20Registro%20General";"No consta un plazo futuro ni una ventanilla indefinida verificable.";"auditoria_2026-08-06"
"102";"media";"pendiente";"";"";"911221";"Beca d 'iniciació a la investigació (Projecte «ANÀLISI I SINTONITZACIÓ DE CONTROLADORS PID EN SISTEMES MULTIVARIABLES AMB MOSTREIG PER LLINDARS FIXOS» – Codi 24I483 – Dirigit per: Oscar Miguel Escrig, Dep. d'Enginyeria de Sistemes Industria";"active_status_unverified";"Confirmar plazo futuro o evidencia expresa de ventanilla abierta; si no existe, rechazar.";"";"";"ujiapps.uji.es/seu/info-adm/tao/convocatoriesRH?pArId=86568";"No consta un plazo futuro ni una ventanilla indefinida verificable.";"auditoria_2026-08-06"
"103";"media";"pendiente";"";"";"911226";"Beca d 'iniciació a la investigació (Projecte «ANÀLISI I SINTONITZACIÓ DE CONTROLADORS PID EN SISTEMES MULTIVARIABLES AMB MOSTREIG PER LLINDARS FIXOS» – Codi 24I483 – Dirigit per: Oscar Miguel Escrig, Dep. d'Enginyeria de Sistemes Industria";"active_status_unverified";"Confirmar plazo futuro o evidencia expresa de ventanilla abierta; si no existe, rechazar.";"";"";"ujiapps.uji.es/seu/info-adm/tao/convocatoriesRH?pArId=86567";"No consta un plazo futuro ni una ventanilla indefinida verificable.";"auditoria_2026-08-06"
"104";"media";"pendiente";"";"";"900364";"Beca d 'iniciació a la investigació (Projecte «ESTUDIO DEL COMPORTAMIENTO ESTRUCTURAL DE HORMIGONES CON RESIDUOS PORCELÁNICOS FRENTE A TEMPERATURAS DE INCENDIO» – Codi 24I486 – Dirigit per: Marta Roig Flores, Dep. d'Enginyeria Mecànica i Co";"active_status_unverified";"Confirmar plazo futuro o evidencia expresa de ventanilla abierta; si no existe, rechazar.";"";"";"ujiapps.uji.es/seu/info-adm/tao/convocatoriesRH?pArId=85451";"No consta un plazo futuro ni una ventanilla indefinida verificable.";"auditoria_2026-08-06"
"105";"media";"pendiente";"";"";"920519";"Beca de iniciación a la investigación (Proyecto «CÁTEDRA UBE DE PLÁSTICOS SOSTENIBLES» – Código 21I633 - Dirigido por: Luis Cabedo Mas del Departamento de Ingeniería de Sistemas Industriales y Diseño)";"active_status_unverified";"Confirmar plazo futuro o evidencia expresa de ventanilla abierta; si no existe, rechazar.";"";"";"ujiapps.uji.es/seu/info-adm/tao/convocatoriesRH?pArId=87523";"No consta un plazo futuro ni una ventanilla indefinida verificable.";"auditoria_2026-08-06"
"106";"media";"pendiente";"";"";"920339";"Beca de iniciación a la investigación (Proyecto «DISEÑO, EVALUACIÓN Y OPTIMIZACIÓN DE PRÓTESIS DE MIEMBRO SUPERIOR DE BAJO COSTE» – Código 24I479 - Dirigido por: Immaculada Llop Harillo del Departamento de Ingeniería Mecánica y Construcción";"active_status_unverified";"Confirmar plazo futuro o evidencia expresa de ventanilla abierta; si no existe, rechazar.";"";"";"ujiapps.uji.es/seu/info-adm/tao/convocatoriesRH?pArId=87521";"No consta un plazo futuro ni una ventanilla indefinida verificable.";"auditoria_2026-08-06"
"107";"media";"pendiente";"";"";"920074";"beca de iniciación a la investigación (Proyecto «EL AUTOCUIDADO EN LA POBLACIÓN ADULTA MAYOR AFECTADA DE OSTEOPOROSIS: UN ESTUDIO OBSERVACIONAL» – Código 24I473 - Dirigido por: Vicente Bernalte Martí, Unidad predepartamental de Enfermería)";"active_status_unverified";"Confirmar plazo futuro o evidencia expresa de ventanilla abierta; si no existe, rechazar.";"";"";"ujiapps.uji.es/seu/info-adm/tao/convocatoriesRH?pArId=87443";"No consta un plazo futuro ni una ventanilla indefinida verificable.";"auditoria_2026-08-06"
"108";"media";"pendiente";"";"";"921116";"Beca de iniciación a la investigación (Proyecto «PPSI DIDAC ROMÁN MONROIG: ENFORTIMENT DE L'ACTIVITAT INVESTIGADORA EN L'ÀMBIT DE LA PREHISTÒRIA MEDITERRÀNIA I LES SEUES CONNEXIONS GLOBALS» – Código 24I453 - Dirigido por: Dídac Román Monroi";"active_status_unverified";"Confirmar plazo futuro o evidencia expresa de ventanilla abierta; si no existe, rechazar.";"";"";"ujiapps.uji.es/seu/info-adm/tao/convocatoriesRH?pArId=87699";"No consta un plazo futuro ni una ventanilla indefinida verificable.";"auditoria_2026-08-06"
"109";"media";"pendiente";"";"";"921790";"Beca de iniciación a la investigación en el Departamento de Ingeniería y Ciencia de los Computadores (Técnicas de optimización para la ejecución eficiente de algoritmos de inteligencia artificial y computación avanzada en dispositivos edge de bajo consumo";"active_status_unverified";"Confirmar plazo futuro o evidencia expresa de ventanilla abierta; si no existe, rechazar.";"";"";"ujiapps.uji.es/seu/info-adm/tao/convocatoriesRH?pArId=87839";"No consta un plazo futuro ni una ventanilla indefinida verificable.";"auditoria_2026-08-06"
"110";"media";"pendiente";"";"";"922744";"Beca d'iniciació a la investigació (Projecte «PPSI-MARIA ANGELES FERNÁNDEZ IZQUIERDO: GESTIÓ INTEGRAL DE LES ORGANITZACIONS SOSTENIBLES» – Codi 22I243 - dirigit per María Ángeles Fernández Izquierdo del Departament de Finances i Comptabilit";"active_status_unverified";"Confirmar plazo futuro o evidencia expresa de ventanilla abierta; si no existe, rechazar.";"";"";"ujiapps.uji.es/seu/info-adm/tao/convocatoriesRH?pArId=87960";"No consta un plazo futuro ni una ventanilla indefinida verificable.";"auditoria_2026-08-06"
"111";"media";"pendiente";"";"";"922732";"Becas intramurales de iniciación a la investigación para estudiantado de másteres oficiales y de grados con nivel MECES3, para el curso 2026-2027";"active_status_unverified";"Confirmar plazo futuro o evidencia expresa de ventanilla abierta; si no existe, rechazar.";"";"";"ujiapps.uji.es/seu/info-adm/tao/convocatoriesRH?pArId=87957";"No consta un plazo futuro ni una ventanilla indefinida verificable.";"auditoria_2026-08-06"
"112";"media";"pendiente";"";"";"907867";"COLABORACION ENTRE LA CONSEJERÍA DE ECONOMÍA, COMERCIO, INNOVACIÓN TECNOLÓGICA, TURISMO Y FOMENTO DE LA CIUDAD AUTÓNOMA DE MELILLA Y LA UNIVERSIDAD DE GRANADA CAMPUS DE MELILLA PARA LA EJECUCIÓN DE LA “COLABORACION PARA OLIMPIADAS DE ECONOMÍA 2026""";"active_status_unverified";"Confirmar plazo futuro o evidencia expresa de ventanilla abierta; si no existe, rechazar.";"";"";"https://sede.melilla.es/sta/CarpetaPublic/doEvent?APP_CODE=STA&PAGE_CODE=PTS2_HOME";"No consta un plazo futuro ni una ventanilla indefinida verificable.";"auditoria_2026-08-06"
"113";"media";"pendiente";"";"";"790177";"Concesión de ayudas directas a establecimientos ubicados en las calles afectadas (y adyacentes) por las obras de zonas de bajas emisiones";"active_status_unverified";"Confirmar plazo futuro o evidencia expresa de ventanilla abierta; si no existe, rechazar.";"";"";"https://www.pap.hacienda.gob.es/bdnstrans/GE/es/convocatorias/790177";"No consta un plazo futuro ni una ventanilla indefinida verificable.";"auditoria_2026-08-06"
"114";"media";"pendiente";"";"";"657417";"CONCESION DIRECTA 2022 a la UEX para la actuación Planes Complementarios Energía/Hidrógeno FEDER 2022";"active_status_unverified";"Confirmar plazo futuro o evidencia expresa de ventanilla abierta; si no existe, rechazar.";"";"";"https://www.pap.hacienda.gob.es/bdnstrans/GE/es/convocatorias/657417";"No consta un plazo futuro ni una ventanilla indefinida verificable.";"auditoria_2026-08-06"
"115";"media";"pendiente";"";"";"909599";"Concesión directa 2026 Clúster de la Energía de Extremadura";"active_status_unverified";"Confirmar plazo futuro o evidencia expresa de ventanilla abierta; si no existe, rechazar.";"";"";"https://www.pap.hacienda.gob.es/bdnstrans/GE/es/convocatorias/909599";"No consta un plazo futuro ni una ventanilla indefinida verificable.";"auditoria_2026-08-06"
"116";"media";"pendiente";"";"";"680188";"Concesión Directa a Universidad de Extremadura. Planes complementarios CCAA Energía e Hidrógeno Verde. MRR 2022";"active_status_unverified";"Confirmar plazo futuro o evidencia expresa de ventanilla abierta; si no existe, rechazar.";"";"";"https://www.pap.hacienda.gob.es/bdnstrans/GE/es/convocatorias/680188";"No consta un plazo futuro ni una ventanilla indefinida verificable.";"auditoria_2026-08-06"
"117";"media";"pendiente";"";"";"891673";"Concesión directa subvención 2025 a la Asociación Española de Normalización (UNE) para normalización, estandarización, secretaría y acción internacional en comités de tecnología digitales, digitalización, telecomunicaciones e infraestructuras digitales";"active_status_unverified";"Confirmar plazo futuro o evidencia expresa de ventanilla abierta; si no existe, rechazar.";"";"";"https://www.pap.hacienda.gob.es/bdnstrans/GE/es/convocatorias/891673";"No consta un plazo futuro ni una ventanilla indefinida verificable.";"auditoria_2026-08-06"
"118";"media";"pendiente";"";"";"915101";"CONSTR AYUDAS MODERNIZACION ACTIVIDAD INDUSTRIAL SECTOR DE LA CONSTRUCCION";"active_status_unverified";"Confirmar plazo futuro o evidencia expresa de ventanilla abierta; si no existe, rechazar.";"";"";"industria.caib.es";"No consta un plazo futuro ni una ventanilla indefinida verificable.";"auditoria_2026-08-06"
"119";"media";"pendiente";"";"";"685530";"CONV 2023 IMPL ZONAS BAJAS EMISIONES ADAP CAMBIO CLIMÁTICO EELL/MUNICIPIOS";"active_status_unverified";"Confirmar plazo futuro o evidencia expresa de ventanilla abierta; si no existe, rechazar.";"";"";"https://www.pap.hacienda.gob.es/bdnstrans/GE/es/convocatorias/685530";"No consta un plazo futuro ni una ventanilla indefinida verificable.";"auditoria_2026-08-06"
"120";"media";"pendiente";"";"";"764918";"CONV 2024 IMPL ZONAS BAJAS EMISIONES ADAP CAMBIO CLIMÁTICO EELL/MUNICIPIOS";"active_status_unverified";"Confirmar plazo futuro o evidencia expresa de ventanilla abierta; si no existe, rechazar.";"";"";"https://www.pap.hacienda.gob.es/bdnstrans/GE/es/convocatorias/764918";"No consta un plazo futuro ni una ventanilla indefinida verificable.";"auditoria_2026-08-06"
"121";"media";"pendiente";"";"";"921126";"CONV. AYUDAS 2026A EMPRESAS PARA LA PRODUCCIÓN DE LARGOMETRAJES";"active_status_unverified";"Confirmar plazo futuro o evidencia expresa de ventanilla abierta; si no existe, rechazar.";"";"";"https://www.pap.hacienda.gob.es/bdnstrans/GE/es/convocatorias/921126";"No consta un plazo futuro ni una ventanilla indefinida verificable.";"auditoria_2026-08-06"
"122";"media";"pendiente";"";"";"919244";"Convenio 2026 - Ayto de Mohedas de la Jara para el desarrollo de actividades de carácter educativo, cultural, social y medioambiental que se desarrolla en el C.R.A. La Jara de Mohedas de la Jara durante el curso 2025-26.";"active_status_unverified";"Confirmar plazo futuro o evidencia expresa de ventanilla abierta; si no existe, rechazar.";"";"";"https://www.pap.hacienda.gob.es/bdnstrans/GE/es/convocatorias/919244";"No consta un plazo futuro ni una ventanilla indefinida verificable.";"auditoria_2026-08-06"
"123";"media";"pendiente";"";"";"684156";"Convenio Ayuntamiento Badajoz 2022, Construcción Plataforma única para determinadas calles en zona de bajas emisiones en la localidad de Badajoz, en el marco del plan español de Recuperación, Transformación y Resiliencia";"active_status_unverified";"Confirmar plazo futuro o evidencia expresa de ventanilla abierta; si no existe, rechazar.";"";"";"https://www.pap.hacienda.gob.es/bdnstrans/GE/es/convocatorias/684156";"No consta un plazo futuro ni una ventanilla indefinida verificable.";"auditoria_2026-08-06"
"124";"media";"pendiente";"";"";"900706";"Convenio con la Consejería de Economía, Empresas y Empleo de la Junta de Comunidades de Castilla-La Mancha, para la contratación de personas desempleadas por entidades locales en el programa de APOYO ACTIVO AL EMPLEO 2026";"active_status_unverified";"Confirmar plazo futuro o evidencia expresa de ventanilla abierta; si no existe, rechazar.";"";"";"www.dipualba.es";"No consta un plazo futuro ni una ventanilla indefinida verificable.";"auditoria_2026-08-06"
"125";"media";"pendiente";"";"";"920659";"CONVENIO DE COLABORACIÓN CON LA ASOCIACIÓN EMPRESARIAL DE LA MEDIANA Y PEQUEÑA EMPRESA (AEMPE) PARA EL DESARROLLO DE ACCIONES DE APOYO AL COMERCIO DURANTE 2026 (01/04/26-31/12/26).";"active_status_unverified";"Confirmar plazo futuro o evidencia expresa de ventanilla abierta; si no existe, rechazar.";"";"";"https://www.pap.hacienda.gob.es/bdnstrans/GE/es/convocatorias/920659";"No consta un plazo futuro ni una ventanilla indefinida verificable.";"auditoria_2026-08-06"
"126";"media";"pendiente";"";"";"760353";"Convenio de Colaboración con la Federación Onubense de Empresarios (FOE) para la celebración del I Congreso Nacional de Hidrógeno Verde 2024";"active_status_unverified";"Confirmar plazo futuro o evidencia expresa de ventanilla abierta; si no existe, rechazar.";"";"";"https://www.pap.hacienda.gob.es/bdnstrans/GE/es/convocatorias/760353";"No consta un plazo futuro ni una ventanilla indefinida verificable.";"auditoria_2026-08-06"
"127";"media";"pendiente";"";"";"817737";"Convenio de Colaboración con la Federación Onubense de Empresarios para la celebración del II Congreso Nacional de Hidrógeno Verde 2025";"active_status_unverified";"Confirmar plazo futuro o evidencia expresa de ventanilla abierta; si no existe, rechazar.";"";"";"https://www.pap.hacienda.gob.es/bdnstrans/GE/es/convocatorias/817737";"No consta un plazo futuro ni una ventanilla indefinida verificable.";"auditoria_2026-08-06"
"128";"media";"pendiente";"";"";"915955";"CONVENIO DE COLABORACIÓN ENTRE A AGENCIA GALLEGA DE LAS INDUSTRIAS CULTURALES Y LA ASOCIACIÓN CULTURA ISMO PARA EL DESARROLLO DE LA EDICIÓN 2026 DE ABANEA FESTIVAL DE DANZA Y MOVIMIENTO";"active_status_unverified";"Confirmar plazo futuro o evidencia expresa de ventanilla abierta; si no existe, rechazar.";"";"";"https://www.sede.xunta.gal/portada";"No consta un plazo futuro ni una ventanilla indefinida verificable.";"auditoria_2026-08-06"
"129";"media";"pendiente";"";"";"923615";"CONVENIO DE COLABORACIÓN ENTRE EL GOBIERNO DE ARAGÓN, LAS CÁMARAS OFICIALES DE COMERCIO Y EL CONSEJO ARAGONÉS DE CÁMARAS DE COMERCIO, INDUSTRIA Y SERVI PARA LA EJECUCIÓN DE LAS ACCIONES SOBRE LAS PYME DERIVADAS DEL PLAN CAMERAL DE COMPETITIVIDAD DE ARAGÓN";"active_status_unverified";"Confirmar plazo futuro o evidencia expresa de ventanilla abierta; si no existe, rechazar.";"";"";"https://www.pap.hacienda.gob.es/bdnstrans/GE/es/convocatorias/923615";"No consta un plazo futuro ni una ventanilla indefinida verificable.";"auditoria_2026-08-06"
"130";"media";"pendiente";"";"";"916403";"CONVENIO DE COLABORACIÓN ENTRE LA AGENCIA GALLEGA DE LAS INDUSTRIAS CULTURALES Y CAMINO ESCENA NORTE AIE PARA EL DESARROLLO EN GALICIA DEL PROGRAMA DE INTERCAMBIO CULTURAL ""CAMINO ESCENA NORTE 2026""";"active_status_unverified";"Confirmar plazo futuro o evidencia expresa de ventanilla abierta; si no existe, rechazar.";"";"";"https://www.sede.xunta.gal/portada";"No consta un plazo futuro ni una ventanilla indefinida verificable.";"auditoria_2026-08-06"
"131";"media";"pendiente";"";"";"911327";"CONVENIO DE COLABORACIÓN ENTRE LA AGENCIA GALLEGA DE LAS INDUSTRIAS CULTURALES Y El AYUNTAMIENTO DE RIBADAVIA PARA El DESARROLLO DE LA CUADRAGÉSIMO SEGUNDA EDICIÓN DE LA MOSTRA INTERNACIONAL DE TEATRO DE RIBADAVIA 2026";"active_status_unverified";"Confirmar plazo futuro o evidencia expresa de ventanilla abierta; si no existe, rechazar.";"";"";"https://www.sede.xunta.gal/portada";"No consta un plazo futuro ni una ventanilla indefinida verificable.";"auditoria_2026-08-06"
"132";"media";"pendiente";"";"";"903703";"CONVENIO DE COLABORACIÓN ENTRE LA AGENCIA GALLEGA DE LAS INDUSTRIAS CULTURALES Y LA ASOCIACIÓN AMIGOS DE LA ÓPERA DE A CORUÑA PARA El DESARROLLO DE ACTIVIDADES DE DIFUSIÓN Y PROMOCIÓN DE LA MÚSICA OPERÍSTICA EN 2026 CON LA REPRESENTACIÓN DE LA ÓPERA JENUF";"active_status_unverified";"Confirmar plazo futuro o evidencia expresa de ventanilla abierta; si no existe, rechazar.";"";"";"https://sede.xunta.gal/portada";"No consta un plazo futuro ni una ventanilla indefinida verificable.";"auditoria_2026-08-06"
"133";"media";"pendiente";"";"";"919059";"CONVENIO DE COLABORACIÓN ENTRE LA AGENCIA GALLEGA DE LAS INDUSTRIAS CULTURALES Y LA ASOCIACIÓN ARTISTAS INTÉRPRETES O EJECUTANTES, EGDPI (AIE) PARA LA PARTICIPACIÓN DE GRUPOS DE MÚSICA GALLEGOS EN LA EDICIÓN 2026 DEL PROGRAMA AIENRUTA ARTISTAS";"active_status_unverified";"Confirmar plazo futuro o evidencia expresa de ventanilla abierta; si no existe, rechazar.";"";"";"https://www.sede.xunta.gal/portada";"No consta un plazo futuro ni una ventanilla indefinida verificable.";"auditoria_2026-08-06"
"134";"media";"pendiente";"";"";"913545";"CONVENIO DE COLABORACIÓN ENTRE LA AGENCIA GALLEGA DE LAS INDUSTRIAS CULTURALES Y LA ASOCIACIÓN CULTURAL LUARADA PARA El DESARROLLO DE LA TRIGÉSIMO PRIMERA EDICIÓN DEL FESTIVAL INTERNACIONAL DE CINE DE OURENSEOUFF EN 2026";"active_status_unverified";"Confirmar plazo futuro o evidencia expresa de ventanilla abierta; si no existe, rechazar.";"";"";"https://www.sede.xunta.gal/portada";"No consta un plazo futuro ni una ventanilla indefinida verificable.";"auditoria_2026-08-06"
"135";"media";"pendiente";"";"";"920754";"CONVENIO DE COLABORACIÓN ENTRE LA AGENCIA GALLEGA DE LAS INDUSTRIAS CULTURALES Y LA ASOCIACIÓN CULTURGAL PARA El DESARROLLO DE LA DECIMONOVENA EDICIÓN DE LA FERIA DE LAS INDUSTRIAS CULTURALES DE GALICIACULTURGAL 2026";"active_status_unverified";"Confirmar plazo futuro o evidencia expresa de ventanilla abierta; si no existe, rechazar.";"";"";"https://www.sede.xunta.gal/portada";"No consta un plazo futuro ni una ventanilla indefinida verificable.";"auditoria_2026-08-06"
"136";"media";"pendiente";"";"";"904166";"CONVENIO DE COLABORACIÓN ENTRE LA AGENCIA GALLEGA DE LAS INDUSTRIAS CULTURALES Y LA ASOCIACIÓN DE PROFESIONAIS DE CIRCO DE GALICIA PARA LA REALIZACIÓN DE ACTIVIDADES PARA LA PROMOCIÓN, VISIBILIZACIÓN Y FOMENTO DEL NUEVO CIRCO GALLEGO EN 2026";"active_status_unverified";"Confirmar plazo futuro o evidencia expresa de ventanilla abierta; si no existe, rechazar.";"";"";"https://www.sede.xunta.gal/portada";"No consta un plazo futuro ni una ventanilla indefinida verificable.";"auditoria_2026-08-06"
"137";"media";"pendiente";"";"";"919161";"CONVENIO DE COLABORACIÓN ENTRE LA AGENCIA GALLEGA DE LAS INDUSTRIAS CULTURALES Y LA ASOCIACIÓN GALEGA DE EMPRESAS DE ARTES ESCÉNICAS (ESCENA GALEGA) PARA El DESARROLLO DE ACCIONES DE DINAMIZACIÓN PROFESIONAL Y SECTORIAL EN EL CAMPO ESCÉNICO EN 2026";"active_status_unverified";"Confirmar plazo futuro o evidencia expresa de ventanilla abierta; si no existe, rechazar.";"";"";"https://www.sede.xunta.gal/portada";"No consta un plazo futuro ni una ventanilla indefinida verificable.";"auditoria_2026-08-06"
"138";"media";"pendiente";"";"";"903176";"CONVENIO DE COLABORACIÓN ENTRE LA AGENCIA GALLEGA DE LAS INDUSTRIAS CULTURALES Y LA ASOCIACIÓN MÚSICAS AO VIVO PARA El DESARROLLO DE LA DECIMOTERCERA EDICIÓN DE LOS PREMIOS MARTÍN CÓDAX DA MÚSICA 2026";"active_status_unverified";"Confirmar plazo futuro o evidencia expresa de ventanilla abierta; si no existe, rechazar.";"";"";"https://sede.xunta.gal/portada";"No consta un plazo futuro ni una ventanilla indefinida verificable.";"auditoria_2026-08-06"
"139";"media";"pendiente";"";"";"916410";"CONVENIO DE COLABORACIÓN ENTRE LA AGENCIA GALLEGA DE LAS INDUSTRIAS CULTURALES Y LA ASOCIACIÓN VIDEOXOGO.GAL-ASOCIACIÓN GALEGA DE VIDEOXOGOS E CONTIDOS INTERACTIVOS PARA El DESARROLLO DE ACCIONES DE DIFUSIÓN Y VISIBILIZACIÓN DEL SECTOR DE LOS VIDEOJUEGOS";"active_status_unverified";"Confirmar plazo futuro o evidencia expresa de ventanilla abierta; si no existe, rechazar.";"";"";"https://www.sede.xunta.gal/portada";"No consta un plazo futuro ni una ventanilla indefinida verificable.";"auditoria_2026-08-06"
"140";"media";"pendiente";"";"";"905258";"CONVENIO DE COLABORACIÓN ENTRE LA AGENCIA GALLEGA DE LAS INDUSTRIAS CULTURALES Y LA FEDERACIÓN GALEGA DE BANDAS DE MÚSICA POPULARES PARA EL DESARROLLO DE ACTIVIDADES DE PROMOCIÓN Y DIFUSIÓN DE LA MÚSICA BANDÍSTICA EN 2026";"active_status_unverified";"Confirmar plazo futuro o evidencia expresa de ventanilla abierta; si no existe, rechazar.";"";"";"https://www.sede.xunta.gal/portada";"No consta un plazo futuro ni una ventanilla indefinida verificable.";"auditoria_2026-08-06"
"141";"media";"pendiente";"";"";"913358";"CONVENIO DE COLABORACIÓN ENTRE LA AGENCIA GALLEGA DE LAS INDUSTRIAS CULTURALES Y LA FUNDACIÓN PAIDEIA GALIZA PARA El DESARROLLO DEL PROGRAMA DE ACOMPAÑAMIENTO PROFESIONAL PARA PROYECTOS MUSICALES “SONEMERXENTE MÁIS” EN 2026";"active_status_unverified";"Confirmar plazo futuro o evidencia expresa de ventanilla abierta; si no existe, rechazar.";"";"";"https://www.sede.xunta.gal/portada";"No consta un plazo futuro ni una ventanilla indefinida verificable.";"auditoria_2026-08-06"
"142";"media";"pendiente";"";"";"915847";"CONVENIO DE COLABORACIÓN ENTRE LA DIPUTACIÓN DE PALENCIA Y LA CÁMARA OFICIAL DE COMERCIO, INDUSTRIA Y SERVICIOS DE PALENCIA PARA LA EJECUCIÓN DEL PROYECTO INTERNACIONALIZATE FASE VIII";"active_status_unverified";"Confirmar plazo futuro o evidencia expresa de ventanilla abierta; si no existe, rechazar.";"";"";"https://sede.diputaciondepalencia.es";"No consta un plazo futuro ni una ventanilla indefinida verificable.";"auditoria_2026-08-06"
"143";"media";"pendiente";"";"";"923105";"CONVENIO DE COLABORACIÓN ENTRE LA DIPUTACIÓN DE PALENCIA Y LA CÁMARA OFICIAL DE COMERCIO, INDUSTRIA Y SERVICIOS DE PALENCIA PARA LA REALIZACIÓN DE UNA CAMPAÑA DE REACTIVACIÓN COMERCIAL DE LA PROVINCIA DE PALENCIA";"active_status_unverified";"Confirmar plazo futuro o evidencia expresa de ventanilla abierta; si no existe, rechazar.";"";"";"https://sede.diputaciondepalencia.es";"No consta un plazo futuro ni una ventanilla indefinida verificable.";"auditoria_2026-08-06"
"144";"media";"pendiente";"";"";"919678";"CONVENIO DE COLABORACIÓN ENTRE LA DIPUTACIÓN PROVINCIAL DE TERUEL Y LA CÁMARA DE COMERCIO, INDUSTRIA Y SERVICIOS DE TERUEL PARA LA REACTIVACIÓN DE LA ECONOMÍA LOCAL EN PEQUEÑOS MUNICIPIOS DE LA PROVINCIA DE TERUEL A TRAVÉS DE LA EMISIÓN DE BONOS BONIFICAD";"active_status_unverified";"Confirmar plazo futuro o evidencia expresa de ventanilla abierta; si no existe, rechazar.";"";"";"https://www.pap.hacienda.gob.es/bdnstrans/GE/es/convocatorias/919678";"No consta un plazo futuro ni una ventanilla indefinida verificable.";"auditoria_2026-08-06"
"145";"media";"pendiente";"";"";"923480";"CONVENIO DE SUBVENCIÓN NOMINATIVA ENTRE EL AYUNTAMIENTO DE LAS PALMAS DE GRAN CANARIA Y RADIO ECCA FUNDACIÓN CANARIA DESTINADO A SUFRAGAR GASTOS GENERALES DEL PROYECTO CAPITAL CULTURAL LPGC: TRADICIÓN, INNOVACIÓN Y COMUNIDAD 2026.";"active_status_unverified";"Confirmar plazo futuro o evidencia expresa de ventanilla abierta; si no existe, rechazar.";"";"2026-05-15";"Sede electrónica del Ayuntamiento de Las Palmas de Gran Canaria";"No consta un plazo futuro ni una ventanilla indefinida verificable.";"auditoria_2026-08-06"
"146";"media";"pendiente";"";"";"902232";"CONVENIO ENTRE LA CONSEJERÍA DE ECONOMÍA, COMERCIO, INNOVACIÓN TECNOLÓGICA,TURISMO Y FOMENTO DE LA CIUDAD AUTÓNOMA DE MELILA Y LA CEME DE MELILLA PARA LA EJECUCIÓN DE ACCIONES DE FORMACIÓN EN COMPETENCIAS DIGITALES EN MATERIA DE TURISMO.";"active_status_unverified";"Confirmar plazo futuro o evidencia expresa de ventanilla abierta; si no existe, rechazar.";"";"";"https://sede.melilla.es/sta/CarpetaPublic/doEvent?APP_CODE=STA&PAGE_CODE=PTS2_HOME";"No consta un plazo futuro ni una ventanilla indefinida verificable.";"auditoria_2026-08-06"
"147";"media";"pendiente";"";"";"919278";"CONVENIO ESPECÍFICO PARA EL CURSO ACADÉMICO 2026-2027 SUSCRITO ENTRE FUNDACIÓN CAROLINA Y UNIVERSIDAD MIGUEL HERNÁNDEZ MÁSTER UNIVERSITARIO EN NEUROCIENCIA: DE LA INVESTIGACIÓN A LA CLÍNICA";"active_status_unverified";"Confirmar plazo futuro o evidencia expresa de ventanilla abierta; si no existe, rechazar.";"";"";"https://www.pap.hacienda.gob.es/bdnstrans/GE/es/convocatorias/919278";"No consta un plazo futuro ni una ventanilla indefinida verificable.";"auditoria_2026-08-06"
"148";"media";"pendiente";"";"";"909330";"Convocatoria 2026 de subvenciones a entidades locales destinadas a la adquisición de equipamientos para la gestión de residuos municipales";"active_status_unverified";"Confirmar plazo futuro o evidencia expresa de ventanilla abierta; si no existe, rechazar.";"";"";"https://www.pap.hacienda.gob.es/bdnstrans/GE/es/convocatorias/909330";"No consta un plazo futuro ni una ventanilla indefinida verificable.";"auditoria_2026-08-06"
"149";"media";"pendiente";"";"";"892620";"Convocatoria 2026 para la concesión de subvenciones a proyectos de digitalización en empresas";"active_status_unverified";"Confirmar plazo futuro o evidencia expresa de ventanilla abierta; si no existe, rechazar.";"";"";"https://sede.gobiernodecanarias.org/sede/procedimientos_servicios/tramites/ 10206";"No consta un plazo futuro ni una ventanilla indefinida verificable.";"auditoria_2026-08-06"
"150";"media";"pendiente";"";"";"482422";"Convocatoria anticipada y las bases que han de regir la concesión de ayudas para inventarios de emisiones de referencia, evaluaciones de vulnerabilidad y riesgos del cambio climático, planes de acción para el clima y la energía sostenible y otros para mun";"active_status_unverified";"Confirmar plazo futuro o evidencia expresa de ventanilla abierta; si no existe, rechazar.";"";"";"http://sede.diputacionalicante.es/";"No consta un plazo futuro ni una ventanilla indefinida verificable.";"auditoria_2026-08-06"
"151";"media";"pendiente";"";"";"916556";"CONVOCATORIA BECAS TALENTO eliA – LA FACULTAD DE ECONOMÍA DE LA UNIVERSIDAD NACIONAL AUTÓNOMA DE MÉXICO PARA CURSAR EL MÁSTER UNIVERSITARIO EN INTELIGENCIA ARTIFICIAL APLICADA A ENTORNOS EMPRESARIALES Y FINANCIEROS";"active_status_unverified";"Confirmar plazo futuro o evidencia expresa de ventanilla abierta; si no existe, rechazar.";"";"";"https://www.unia.es/registro-electronico";"No consta un plazo futuro ni una ventanilla indefinida verificable.";"auditoria_2026-08-06"
"152";"media";"pendiente";"";"";"909141";"CONVOCATORIA DE AYUDAS ECONÓMICAS DE LA FUNDACIÓN MUNICIPAL DE SERVICIOS SOCIALES PARA EL ABONO DE GASTOS DE SUMINISTRO DE ENERGÍA DE LA VIVIENDA HABITUAL, CORRESPONDIENTES AL PERIODO DEL 1 DE ENERO DE 2025 AL 31 DE DICIEMBRE DE 2025.";"active_status_unverified";"Confirmar plazo futuro o evidencia expresa de ventanilla abierta; si no existe, rechazar.";"";"";"https://www.pap.hacienda.gob.es/bdnstrans/GE/es/convocatorias/909141";"No consta un plazo futuro ni una ventanilla indefinida verificable.";"auditoria_2026-08-06"
"153";"media";"pendiente";"";"";"582900";"Convocatoria de ayudas en el diseño e implementación de zonas de bajas emisiones en municipios de Cantabria, en el marco de los Planes de Impulso al Medio Ambiente Cambio Climático (PIMA - CC)";"active_status_unverified";"Confirmar plazo futuro o evidencia expresa de ventanilla abierta; si no existe, rechazar.";"";"";"https://www.pap.hacienda.gob.es/bdnstrans/GE/es/convocatorias/582900";"No consta un plazo futuro ni una ventanilla indefinida verificable.";"auditoria_2026-08-06"
"154";"media";"pendiente";"";"";"806683";"Convocatoria de ayudas para la aceleración de sectores estratégicos para la transición hacia una economía de cero emisiones netas susceptibles de ser cofinanciadas en el marco del programa del Fondo de Transición Justa de España 2021-2027, dirigida a PYME";"active_status_unverified";"Confirmar plazo futuro o evidencia expresa de ventanilla abierta; si no existe, rechazar.";"";"";"https://www.pap.hacienda.gob.es/bdnstrans/GE/es/convocatorias/806683";"No consta un plazo futuro ni una ventanilla indefinida verificable.";"auditoria_2026-08-06"
"155";"media";"pendiente";"";"";"779933";"Convocatoria de ayudas para la aceleración de sectores estratégicos para la transición hacia una economía de cero emisiones netas, susceptibles de ser cofinanciadas en el marco del programa del Fondo de Transición Justa de España 2021-2027";"active_status_unverified";"Confirmar plazo futuro o evidencia expresa de ventanilla abierta; si no existe, rechazar.";"";"";"https://www.pap.hacienda.gob.es/bdnstrans/GE/es/convocatorias/779933";"No consta un plazo futuro ni una ventanilla indefinida verificable.";"auditoria_2026-08-06"
"156";"media";"pendiente";"";"";"922442";"CONVOCATORIA DE AYUDAS PARA LA PUESTA EN MARCHA DE PROYECTOS EMPRESARIALES 2026";"active_status_unverified";"Confirmar plazo futuro o evidencia expresa de ventanilla abierta; si no existe, rechazar.";"";"";"https://sede.santiagodelteide.es/";"No consta un plazo futuro ni una ventanilla indefinida verificable.";"auditoria_2026-08-06"
"157";"media";"pendiente";"";"";"708949";"Convocatoria de Ayudas para sufragar los gastos de matrícula de alumnos del Máster de Formación Permanente en Tecnologías del Hidrógeno de la Universidad de Burgos cofinanciadas por Banco Santander S.A.,";"active_status_unverified";"Confirmar plazo futuro o evidencia expresa de ventanilla abierta; si no existe, rechazar.";"";"";"https://sede.ubu.es/";"No consta un plazo futuro ni una ventanilla indefinida verificable.";"auditoria_2026-08-06"
"158";"media";"pendiente";"";"";"857197";"Convocatoria de Ayudas para sufragar los gastos de matrícula de alumnos del Máster de Formación Permanente en Tecnologías del Hidrógeno de la Universidad de Burgos. Año 2025";"active_status_unverified";"Confirmar plazo futuro o evidencia expresa de ventanilla abierta; si no existe, rechazar.";"";"";"https://sede.ubu.es";"No consta un plazo futuro ni una ventanilla indefinida verificable.";"auditoria_2026-08-06"
"159";"media";"pendiente";"";"";"905098";"CONVOCATORIA DE SUBVENCIÓN A LA PRODUCCIÓN DE MATERIAS PRIMAS AGROINDUSTRIALES (LÍNEA 3.1)";"active_status_unverified";"Confirmar plazo futuro o evidencia expresa de ventanilla abierta; si no existe, rechazar.";"";"";"https://sedeelectronica.cabildodelapalma.es/";"No consta un plazo futuro ni una ventanilla indefinida verificable.";"auditoria_2026-08-06"
"160";"media";"pendiente";"";"";"913557";"Convocatoria de subvenciones a entidades locales destinadas a financiar la recogida de residuos en playas 2026";"active_status_unverified";"Confirmar plazo futuro o evidencia expresa de ventanilla abierta; si no existe, rechazar.";"";"";"https://www.pap.hacienda.gob.es/bdnstrans/GE/es/convocatorias/913557";"No consta un plazo futuro ni una ventanilla indefinida verificable.";"auditoria_2026-08-06"
"161";"media";"pendiente";"";"";"527716";"Convocatoria de subvenciones a los ayuntamientos para la ejecución de proyectos de zonas de bajas emisiones locales en el ámbito territorial del Área Metropolitana de Barcelona.";"active_status_unverified";"Confirmar plazo futuro o evidencia expresa de ventanilla abierta; si no existe, rechazar.";"";"";"www.amb.cat";"No consta un plazo futuro ni una ventanilla indefinida verificable.";"auditoria_2026-08-06"
"162";"media";"pendiente";"";"";"894083";"Convocatoria de subvenciones a pequeñas y medianas empresas y entidades de la Economía Social de Mallorca para la implantación de la Responsabilidad Social en su gestión el año 2026";"active_status_unverified";"Confirmar plazo futuro o evidencia expresa de ventanilla abierta; si no existe, rechazar.";"";"";"https://www.pap.hacienda.gob.es/bdnstrans/GE/es/convocatorias/894083";"No consta un plazo futuro ni una ventanilla indefinida verificable.";"auditoria_2026-08-06"
"163";"media";"pendiente";"";"";"891276";"Convocatoria de subvenciones de minimis a entidades de la economía social para hacer inversiones en sus tiendas con el fin de mejorar la eficiencia energética, la accesibilidad universal, el equipamiento y el software tecnológico y la organización de los";"active_status_unverified";"Confirmar plazo futuro o evidencia expresa de ventanilla abierta; si no existe, rechazar.";"";"";"https://seu.conselldemallorca.net/ca";"No consta un plazo futuro ni una ventanilla indefinida verificable.";"auditoria_2026-08-06"
"164";"media";"pendiente";"";"";"920968";"Convocatoria de subvenciones destinada a autónomos y empresas artesanas de Mallorca para compensar el incremento del precio de los suministros de energía producido por los efectos de la guerra en el Oriente Medio.";"active_status_unverified";"Confirmar plazo futuro o evidencia expresa de ventanilla abierta; si no existe, rechazar.";"";"";"https://www.pap.hacienda.gob.es/bdnstrans/GE/es/convocatorias/920968";"No consta un plazo futuro ni una ventanilla indefinida verificable.";"auditoria_2026-08-06"
"165";"media";"pendiente";"";"";"897229";"Convocatoria de subvenciones destinadas a Mancomunidades, municipios de menos de 4000 habitantes y municipios del Consorcio 11-A6 para sobrecoste de transporte de residuos sólidos urbanos. Año 2026.";"active_status_unverified";"Confirmar plazo futuro o evidencia expresa de ventanilla abierta; si no existe, rechazar.";"";"";"htpp://sede.diputacionalicante.es/";"No consta un plazo futuro ni una ventanilla indefinida verificable.";"auditoria_2026-08-06"
"166";"media";"pendiente";"";"";"677482";"CONVOCATORIA DE SUBVENCIONES DIRIGIDA A ENTIDADES LOCALES DE LA PROVINCIA DE CÓRDOBA PARA PROYECTOS DE AHORRO, EFICIENCIA ENERGÉTICA, FOMENTO DE LAS ENERGÍAS RENOVABLES Y REDUCCIÓN DE EMISIONES DE CO2 - 2023";"active_status_unverified";"Confirmar plazo futuro o evidencia expresa de ventanilla abierta; si no existe, rechazar.";"";"";"https://sede.eprinsa.es/energiacordoba/tramites/procedimiento/1201/convocatoria-de-subvenciones";"No consta un plazo futuro ni una ventanilla indefinida verificable.";"auditoria_2026-08-06"
"167";"media";"pendiente";"";"";"923119";"Convocatòria de subvencions per a l¿organització d¿esdeveniments relacionats amb la cultura digital, videojocs, tecnologia, cultura fan (fandom) i cultura friqui amb foment del català a la demarcació de Girona - any 2026";"active_status_unverified";"Confirmar plazo futuro o evidencia expresa de ventanilla abierta; si no existe, rechazar.";"";"";"https://www.pap.hacienda.gob.es/bdnstrans/GE/es/convocatorias/923119";"No consta un plazo futuro ni una ventanilla indefinida verificable.";"auditoria_2026-08-06"
"168";"media";"pendiente";"";"";"912038";"Convocatoria Municipal de concesión de ayudas a empresas de economía social que favorezcan la inclusión social y laboral de las personas en riesgo o situación de EXCLUSIÓN, año 2026";"active_status_unverified";"Confirmar plazo futuro o evidencia expresa de ventanilla abierta; si no existe, rechazar.";"";"";"https://sede.aytoburgos.es/sta/CarpetaPublic/doEvent?APP_CODE=STA&PAGE_CODE=CATALOGO";"No consta un plazo futuro ni una ventanilla indefinida verificable.";"auditoria_2026-08-06"
"169";"media";"pendiente";"";"";"919477";"Convocatoria para dar soporte a proyectos transformadores y de impacto de investigación e innovación biomédica";"active_status_unverified";"Confirmar plazo futuro o evidencia expresa de ventanilla abierta; si no existe, rechazar.";"";"";"https://www.pap.hacienda.gob.es/bdnstrans/GE/es/convocatorias/919477";"No consta un plazo futuro ni una ventanilla indefinida verificable.";"auditoria_2026-08-06"
"170";"media";"pendiente";"";"";"893399";"Convocatoria para la concesión de ayudas a empresas de base tecnológica de economía social del Principado de Asturias";"active_status_unverified";"Confirmar plazo futuro o evidencia expresa de ventanilla abierta; si no existe, rechazar.";"";"";"https://www.pap.hacienda.gob.es/bdnstrans/GE/es/convocatorias/893399";"No consta un plazo futuro ni una ventanilla indefinida verificable.";"auditoria_2026-08-06"
"171";"media";"pendiente";"";"";"893400";"Convocatoria para la concesión de ayudas al Plan de Transformación Digital de Empresas de Economía Social del Principado de Asturias";"active_status_unverified";"Confirmar plazo futuro o evidencia expresa de ventanilla abierta; si no existe, rechazar.";"";"";"https://www.pap.hacienda.gob.es/bdnstrans/GE/es/convocatorias/893400";"No consta un plazo futuro ni una ventanilla indefinida verificable.";"auditoria_2026-08-06"
"172";"media";"pendiente";"";"";"699887";"Convocatoria para la concesión de ayudas para la realización de Inventario de Emisiones de Referencia, Evaluaciones de Vulnerabilidad y Riesgos del Cambio Climático, Planes de Acción para el Clima y la Energía Sostenible Informes de Seguimiento Estimativo";"active_status_unverified";"Confirmar plazo futuro o evidencia expresa de ventanilla abierta; si no existe, rechazar.";"";"";"http://sede.diputacionalicante.es/";"No consta un plazo futuro ni una ventanilla indefinida verificable.";"auditoria_2026-08-06"
"173";"media";"pendiente";"";"";"904132";"Convocatoria para la concesión de subvenciones por el Ayuntamiento de Getafe para actuaciones relativas a la accesibilidad, conservación, rehabilitación o mejora de la eficiencia energética en viviendas del término municipal de Getafe, para el año 2026";"active_status_unverified";"Confirmar plazo futuro o evidencia expresa de ventanilla abierta; si no existe, rechazar.";"";"";"https://www.pap.hacienda.gob.es/bdnstrans/GE/es/convocatorias/904132";"No consta un plazo futuro ni una ventanilla indefinida verificable.";"auditoria_2026-08-06"
"174";"media";"pendiente";"";"";"916530";"Convocatoria para proyectos de eficiencia energética en piscinas climatizadas municipales 2026";"active_status_unverified";"Confirmar plazo futuro o evidencia expresa de ventanilla abierta; si no existe, rechazar.";"";"";"https://www.sede.dival.es/";"No consta un plazo futuro ni una ventanilla indefinida verificable.";"auditoria_2026-08-06"
"175";"media";"pendiente";"";"";"914021";"CONVOCATÒRIA PER A LA CONCESSIÓ DE SUBVENCIONS PER AL FOMENT DE LA REHABILITACIÓ, LA MILLORA DE L`ACCESSIBILITAT I DE L`EFICIÈNCIA ENERGÈTICA EN EDIFICIS D`HABITATGES";"active_status_unverified";"Confirmar plazo futuro o evidencia expresa de ventanilla abierta; si no existe, rechazar.";"";"";"https://www.pap.hacienda.gob.es/bdnstrans/GE/es/convocatorias/914021";"No consta un plazo futuro ni una ventanilla indefinida verificable.";"auditoria_2026-08-06"
"176";"media";"pendiente";"";"";"895803";"Convocatoria pública de los Premios de investigación científica y desarrollo tecnológico, Margarita Salas 2026 del Ayuntamiento de Madrid, aprobada por Decreto de 25 de marzo de 2026, de la delegada del Área de Gobierno de Economía, Innovación y Hacienda";"active_status_unverified";"Confirmar plazo futuro o evidencia expresa de ventanilla abierta; si no existe, rechazar.";"";"";"https://sede.madrid.es/portal/site/tramites/menuitem.c61bb691882ed9d32e202e2084f1a5a0/?vgnextoid=5a9d5d53be9a0210VgnVCM100000171f5a0aRCRD&vgnextchannel=5a9d5d53be9a0210VgnVCM100000171f5a0aRCRD&vgnextfmt=default";"No consta un plazo futuro ni una ventanilla indefinida verificable.";"auditoria_2026-08-06"
"177";"media";"pendiente";"";"";"922138";"Convocatoria Pyme Global 2026. Misión Comercial Directa a Camerú, Senegal y Gambia";"active_status_unverified";"Confirmar plazo futuro o evidencia expresa de ventanilla abierta; si no existe, rechazar.";"";"";"https://sede.camara.es/sede/ciudadreal";"No consta un plazo futuro ni una ventanilla indefinida verificable.";"auditoria_2026-08-06"
"178";"media";"pendiente";"";"";"904770";"CONVOCATORIA SUBVENCIONES A LAS PERSONAS AUTÓNOMAS, AUTÓNOMOS AGRARIOS, ENTIDADES DE ECONOMÍA SOCIAL, MICROPYMES Y PEQUEÑAS EMPRESAS PARA EL APOYO A LA RECUPERACIÓN DEL TEJIDO PRODUCTIVO TRAS LA ERUPCIÓN VOLCÁNICA.";"active_status_unverified";"Confirmar plazo futuro o evidencia expresa de ventanilla abierta; si no existe, rechazar.";"";"";"https://sedeelectronica.cabildodelapalma.es";"No consta un plazo futuro ni una ventanilla indefinida verificable.";"auditoria_2026-08-06"
"179";"media";"pendiente";"";"";"827075";"Convocatoria subvenciones para inventarios emisiones de referencia, evaluaciones vulnerabilidad y riesgos cambio climático, adhesión al Pacto de Alcaldes, 2025.";"active_status_unverified";"Confirmar plazo futuro o evidencia expresa de ventanilla abierta; si no existe, rechazar.";"";"";"https://diputacionalicante.sedelectronica.es";"No consta un plazo futuro ni una ventanilla indefinida verificable.";"auditoria_2026-08-06"
"180";"media";"pendiente";"";"";"898891";"Convocatoria y bases específicas para la concesión de subvenciones en régimen de concurrencia no competitiva para el fomento del empleo y la mejora de la empleabilidad mediante el autoempleo y la creación de microempresas, PYMES e iniciativas de economía";"active_status_unverified";"Confirmar plazo futuro o evidencia expresa de ventanilla abierta; si no existe, rechazar.";"";"";"eseu.gava.cat";"No consta un plazo futuro ni una ventanilla indefinida verificable.";"auditoria_2026-08-06"
"181";"media";"pendiente";"";"";"912927";"CONVOCATORIA Y BASES PARTICULARES PARA LA CONCESIÓN DE SUBVENCIONES, EN RÉGIMEN DE CONCURRENCIA COMPETITIVA, EN EL ÁMBITO DEL FOMENTO Y FORTALECIMIENTO DE LA ECONOMIA SOCIAL Y LA INNOVACIÓN SOCIAL PARA EL EJERCICIO 2026.";"active_status_unverified";"Confirmar plazo futuro o evidencia expresa de ventanilla abierta; si no existe, rechazar.";"";"";"https://seuelectronica2.l-h.cat/siac/Publicaciones.aspx?t=SS&lang=ca-ES";"No consta un plazo futuro ni una ventanilla indefinida verificable.";"auditoria_2026-08-06"
"182";"media";"pendiente";"";"";"673490";"CONVOCATORIA Y BASES REGULADORAS PARA LA CONCESIÓN DE SUBVENCIONES A EMPRESAS PARA EL FOMENTO DE LA MOVILIDAD SOSTENIBLE DE EMISIONES CERO EN GRAN CANARIA PARA EL AÑO 2023.";"active_status_unverified";"Confirmar plazo futuro o evidencia expresa de ventanilla abierta; si no existe, rechazar.";"";"";"https://energiagrancanaria.sedelectronica.es/info.0";"No consta un plazo futuro ni una ventanilla indefinida verificable.";"auditoria_2026-08-06"
"183";"media";"pendiente";"";"";"673484";"CONVOCATORIA Y BASES REGULADORAS PARA LA CONCESIÓN DE SUBVENCIONES PARA EL FOMENTO DE LA MOVILIDAD SOSTENIBLE DE EMISIONES CERO EN GRAN CANARIA 2023.";"active_status_unverified";"Confirmar plazo futuro o evidencia expresa de ventanilla abierta; si no existe, rechazar.";"";"";"https://energiagrancanaria.sedelectronica.es/info.0";"No consta un plazo futuro ni una ventanilla indefinida verificable.";"auditoria_2026-08-06"
"184";"media";"pendiente";"";"";"660110";"Decreto 103/2022, de 27 de octubre, de concesión directa de subvención destinada a la financiación de un Programa colaborativo de I+D+i integrado en el Plan Complementario en el Área de Energía e Hidrógeno Renovable.";"active_status_unverified";"Confirmar plazo futuro o evidencia expresa de ventanilla abierta; si no existe, rechazar.";"";"";"https://www.pap.hacienda.gob.es/bdnstrans/GE/es/convocatorias/660110";"No consta un plazo futuro ni una ventanilla indefinida verificable.";"auditoria_2026-08-06"
"185";"media";"pendiente";"";"";"907904";"Decreto 36/2026 Subvención directa a Blanca Fomento Social S.L. Soc Mercantil Municipal del Ayuntamiento de Blanca, para ejecución de proyectos de implantación o mejora de sistemas de recogida separada de biorresiduos en el marco del PRTR";"active_status_unverified";"Confirmar plazo futuro o evidencia expresa de ventanilla abierta; si no existe, rechazar.";"";"";"https://www.pap.hacienda.gob.es/bdnstrans/GE/es/convocatorias/907904";"No consta un plazo futuro ni una ventanilla indefinida verificable.";"auditoria_2026-08-06"
"186";"media";"pendiente";"";"";"907254";"Decreto de 11 de mayo de 2026 de la Delegada del Área de Gobierno de Economía, Innovación y Hacienda por el que se concede la subvención nominativa a favor de la Fundación Diálogos para la ejecución del proyecto Drawing ed 2026.";"active_status_unverified";"Confirmar plazo futuro o evidencia expresa de ventanilla abierta; si no existe, rechazar.";"";"";"https://sede.madrid.es/portal/site/tramites/menuitem.c61bb691882ed9d32e202e2084f1a5a0/?vgnextoid=5a9d5d53be9a0210VgnVCM100000171f5a0aRCRD&vgnextchannel=5a9d5d53be9a0210VgnVCM100000171f5a0aRCRD&vgnextfmt=default";"No consta un plazo futuro ni una ventanilla indefinida verificable.";"auditoria_2026-08-06"
"187";"media";"pendiente";"";"";"899896";"Decreto de 15 de abril de 2026 de la Delegada del Área de Economía, Innovación y Hacienda por el que se aprueba la convocatoria pública de subvenciones para apoyar la participación de los diseñadores en la Semana de la Moda de Madrid 2026";"active_status_unverified";"Confirmar plazo futuro o evidencia expresa de ventanilla abierta; si no existe, rechazar.";"";"";"https://sede.madrid.es/portal/site/tramites/menuitem.c61bb691882ed9d32e202e2084f1a5a0/?vgnextoid=5a9d5d53be9a0210VgnVCM100000171f5a0aRCRD&vgnextchannel=5a9d5d53be9a0210VgnVCM100000171f5a0aRCRD&vgnextfmt=default";"No consta un plazo futuro ni una ventanilla indefinida verificable.";"auditoria_2026-08-06"
"188";"media";"pendiente";"";"";"907104";"Decreto de 20 de mayo de 2026 de la Delegada del Área de Gobierno de Economía, Innovación y Hacienda por el que se aprueba la convocatoria pública para la concesión de subvenciones dirigidas a la promoción y desarrollo de la economía social para la anuali";"active_status_unverified";"Confirmar plazo futuro o evidencia expresa de ventanilla abierta; si no existe, rechazar.";"";"";"https://sede.madrid.es/portal/site/tramites/menuitem.c61bb691882ed9d32e202e2084f1a5a0/?vgnextoid=5a9d5d53be9a0210VgnVCM100000171f5a0aRCRD&vgnextchannel=5a9d5d53be9a0210VgnVCM100000171f5a0aRCRD&vgnextfmt=default";"No consta un plazo futuro ni una ventanilla indefinida verificable.";"auditoria_2026-08-06"
"189";"media";"pendiente";"";"";"907103";"Decreto de 20 de mayo de 2026 de la Delegada del Área de Gobierno de Economía, Innovación y Hacienda por el que se aprueba la convocatoria pública para la concesión de subvenciones dirigidas a la promoción y desarrollo de la economía social para la anuali";"active_status_unverified";"Confirmar plazo futuro o evidencia expresa de ventanilla abierta; si no existe, rechazar.";"";"";"https://sede.madrid.es/portal/site/tramites/menuitem.c61bb691882ed9d32e202e2084f1a5a0/?vgnextoid=5a9d5d53be9a0210VgnVCM100000171f5a0aRCRD&vgnextchannel=5a9d5d53be9a0210VgnVCM100000171f5a0aRCRD&vgnextfmt=default";"No consta un plazo futuro ni una ventanilla indefinida verificable.";"auditoria_2026-08-06"
"190";"media";"pendiente";"";"";"915189";"Decreto de 23 de junio de 2026 de la Delegada del Área de Gobierno de Economía, Innovación y Hacienda por el que se aprueba la convocatoria pública para la concesión de subvenciones a personas afiliadas al Régimen Especial de Trabajadores por Cuenta Propi";"active_status_unverified";"Confirmar plazo futuro o evidencia expresa de ventanilla abierta; si no existe, rechazar.";"";"";"https://sede.madrid.es/portal/site/tramites/menuitem.c61bb691882ed9d32e202e2084f1a5a0/?vgnextoid=5a9d5d53be9a0210VgnVCM100000171f5a0aRCRD&vgnextchannel=5a9d5d53be9a0210VgnVCM100000171f5a0aRCRD&vgnextfmt=default";"No consta un plazo futuro ni una ventanilla indefinida verificable.";"auditoria_2026-08-06"
"191";"media";"pendiente";"";"";"901895";"Decreto de 24 de abril de 2026 de la Delegada del Área de Gobierno de Economía, Innovación y Hacienda";"active_status_unverified";"Confirmar plazo futuro o evidencia expresa de ventanilla abierta; si no existe, rechazar.";"";"";"https://sede.madrid.es/portal/site/tramites/menuitem.c61bb691882ed9d32e202e2084f1a5a0/?vgnextoid=5a9d5d53be9a0210VgnVCM100000171f5a0aRCRD&vgnextchannel=5a9d5d53be9a0210VgnVCM100000171f5a0aRCRD&vgnextfmt=default";"No consta un plazo futuro ni una ventanilla indefinida verificable.";"auditoria_2026-08-06"
"192";"media";"pendiente";"";"";"901896";"Decreto de 24 de abril de 2026 de la Delegada del Área de Gobierno de Economía, Innovación y Hacienda";"active_status_unverified";"Confirmar plazo futuro o evidencia expresa de ventanilla abierta; si no existe, rechazar.";"";"";"https://sede.madrid.es/portal/site/tramites/menuitem.c61bb691882ed9d32e202e2084f1a5a0/?vgnextoid=5a9d5d53be9a0210VgnVCM100000171f5a0aRCRD&vgnextchannel=5a9d5d53be9a0210VgnVCM100000171f5a0aRCRD&vgnextfmt=default";"No consta un plazo futuro ni una ventanilla indefinida verificable.";"auditoria_2026-08-06"
"193";"media";"pendiente";"";"";"895942";"Decreto de 27 de marzo de 2026 de la Delegada del Área de Gobierno de Economía, Innovación y Hacienda";"active_status_unverified";"Confirmar plazo futuro o evidencia expresa de ventanilla abierta; si no existe, rechazar.";"";"";"https://sede.madrid.es/portal/site/tramites/menuitem.c61bb691882ed9d32e202e2084f1a5a0/?vgnextoid=5a9d5d53be9a0210VgnVCM100000171f5a0aRCRD&vgnextchannel=5a9d5d53be9a0210VgnVCM100000171f5a0aRCRD&vgnextfmt=default";"No consta un plazo futuro ni una ventanilla indefinida verificable.";"auditoria_2026-08-06"
"194";"media";"pendiente";"";"";"895943";"Decreto de 27 de marzo de 2026 de la Delegada del Área de Gobierno de Economía, Innovación y Hacienda";"active_status_unverified";"Confirmar plazo futuro o evidencia expresa de ventanilla abierta; si no existe, rechazar.";"";"";"https://sede.madrid.es/portal/site/tramites/menuitem.c61bb691882ed9d32e202e2084f1a5a0/?vgnextoid=5a9d5d53be9a0210VgnVCM100000171f5a0aRCRD&vgnextchannel=5a9d5d53be9a0210VgnVCM100000171f5a0aRCRD&vgnextfmt=default";"No consta un plazo futuro ni una ventanilla indefinida verificable.";"auditoria_2026-08-06"
"195";"media";"pendiente";"";"";"892059";"Decreto de 9 de marzo de 2026 de la Delegada del Área de Gobierno de Economía, Innovación y Hacienda por el que se aprueba la convocatoria pública para la concesión de subvenciones dirigidas al fomento de la industria y servicios conexos a la industria de";"active_status_unverified";"Confirmar plazo futuro o evidencia expresa de ventanilla abierta; si no existe, rechazar.";"";"";"https://sede.madrid.es/portal/site/tramites/menuitem.c61bb691882ed9d32e202e2084f1a5a0/?vgnextoid=5a9d5d53be9a0210VgnVCM100000171f5a0aRCRD&vgnextchannel=5a9d5d53be9a0210VgnVCM100000171f5a0aRCRD&vgnextfmt=default";"No consta un plazo futuro ni una ventanilla indefinida verificable.";"auditoria_2026-08-06"
"196";"media";"pendiente";"";"";"890712";"Decreto de la Delegada del Área de Gobierno de Economía, Innovación y Hacienda por el que se aprueba la convocatoria pública del Premio Madrid Impacta 2026";"active_status_unverified";"Confirmar plazo futuro o evidencia expresa de ventanilla abierta; si no existe, rechazar.";"";"";"https://sede.madrid.es/portal/site/tramites/menuitem.c61bb691882ed9d32e202e2084f1a5a0/?vgnextoid=5a9d5d53be9a0210VgnVCM100000171f5a0aRCRD&vgnextchannel=5a9d5d53be9a0210VgnVCM100000171f5a0aRCRD&vgnextfmt=default";"No consta un plazo futuro ni una ventanilla indefinida verificable.";"auditoria_2026-08-06"
"197";"media";"pendiente";"";"";"921442";"Decreto n.º 136/2026, de 16 de julio, por el que se establecen las normas para la concesión directa de subvenciones a enseñanzas concertadas de la Región de Murcia para el desarrollo de la formación en empresa en los Grados D de FP en la Región de Murcia";"active_status_unverified";"Confirmar plazo futuro o evidencia expresa de ventanilla abierta; si no existe, rechazar.";"";"";"https://www.pap.hacienda.gob.es/bdnstrans/GE/es/convocatorias/921442";"No consta un plazo futuro ni una ventanilla indefinida verificable.";"auditoria_2026-08-06"
"198";"media";"pendiente";"";"";"901093";"Decreto nº 2026-3126 de 21/04/2026 del Cabildo de Lanzarote de concesión de Subv. a la CEL para la ejecución de la ""Digitalización, innovación y sostenibilidad empresarial de Lanzarote y La Graciosa"" por 114.500,00€";"active_status_unverified";"Confirmar plazo futuro o evidencia expresa de ventanilla abierta; si no existe, rechazar.";"";"";"https://www.pap.hacienda.gob.es/bdnstrans/GE/es/convocatorias/901093";"No consta un plazo futuro ni una ventanilla indefinida verificable.";"auditoria_2026-08-06"
"199";"media";"pendiente";"";"";"919536";"Dos becas de iniciación a la investigación (Proyecto «SISTEMA DE GESTIÓN DE ALERTAS DE CIBERSEGURIDAD BASADO EN SISTEMAS DE INTELIGENCIA ARTIFICIAL» – Código 24I526 - Dirigido por: Rafael Berlanga Llavori del Departamento de Lenguajes";"active_status_unverified";"Confirmar plazo futuro o evidencia expresa de ventanilla abierta; si no existe, rechazar.";"";"";"ujiapps.uji.es/seu/info-adm/tao/convocatoriesRH?pArId=87374";"No consta un plazo futuro ni una ventanilla indefinida verificable.";"auditoria_2026-08-06"
"200";"media";"pendiente";"";"";"911101";"Estrategia Impulso Construcción Industrializada Santa Cruz de Tenerife";"active_status_unverified";"Confirmar plazo futuro o evidencia expresa de ventanilla abierta; si no existe, rechazar.";"";"";"https://www.pap.hacienda.gob.es/bdnstrans/GE/es/convocatorias/911101";"No consta un plazo futuro ni una ventanilla indefinida verificable.";"auditoria_2026-08-06"
"201";"media";"pendiente";"";"";"911102";"Fortalecimiento de los factores de calificación ambiental, social y de gobernanza (ESG) en la industria canaria";"active_status_unverified";"Confirmar plazo futuro o evidencia expresa de ventanilla abierta; si no existe, rechazar.";"";"";"https://www.pap.hacienda.gob.es/bdnstrans/GE/es/convocatorias/911102";"No consta un plazo futuro ni una ventanilla indefinida verificable.";"auditoria_2026-08-06"
"202";"media";"pendiente";"";"";"923569";"JG DEL 28/07/2026, QUE ACUERDA EL CONVENIO CON LA CONFEDERACIÓN PROVINCIAL DE EMPRESARIOS CEOE-CEPYME GUADALAJARA, PARA PROMOVER EL DESARROLLO Y EL CRECIMIENTO ECONÓMICO DE GUADALAJARA Y SU PROVINCIA, AÑO 2026.";"active_status_unverified";"Confirmar plazo futuro o evidencia expresa de ventanilla abierta; si no existe, rechazar.";"";"";"https://www.pap.hacienda.gob.es/bdnstrans/GE/es/convocatorias/923569";"No consta un plazo futuro ni una ventanilla indefinida verificable.";"auditoria_2026-08-06"
"203";"media";"pendiente";"";"";"909726";"LA CONCESIÓN DE SUBVENCIONES DE MODERNIZACIÓN Y DIVERSIFICACIÓN DEL SECTOR INDUSTRIAL 2026";"active_status_unverified";"Confirmar plazo futuro o evidencia expresa de ventanilla abierta; si no existe, rechazar.";"";"";"https://www.pap.hacienda.gob.es/bdnstrans/GE/es/convocatorias/909726";"No consta un plazo futuro ni una ventanilla indefinida verificable.";"auditoria_2026-08-06"
"204";"media";"pendiente";"";"";"914771";"MEJORA Y MODERNIZACIÓN DE LA ACTIVIDAD INDUSTRIAL, COMERCIAL Y DE SERVICIOS AÑO 2026";"active_status_unverified";"Confirmar plazo futuro o evidencia expresa de ventanilla abierta; si no existe, rechazar.";"";"";"https://www.pap.hacienda.gob.es/bdnstrans/GE/es/convocatorias/914771";"No consta un plazo futuro ni una ventanilla indefinida verificable.";"auditoria_2026-08-06"
"205";"media";"pendiente";"";"";"682887";"Orden de 17 de marzo, de la Consejería de Empresa, Economía Social y Autónomos, por la que se convocan subvenciones destinadas al equipamiento de espacios para formación en Tecnologías del Hidrógeno de la Región de Murcia, para el ejercicio 2023";"active_status_unverified";"Confirmar plazo futuro o evidencia expresa de ventanilla abierta; si no existe, rechazar.";"";"";"https://sede.carm.es/";"No consta un plazo futuro ni una ventanilla indefinida verificable.";"auditoria_2026-08-06"
"206";"media";"pendiente";"";"";"519793";"Orden de 24 de julio de 2020, del Consejero de Industria, Competitividad y Desarrollo Empresarial, por la que se concede la subvención nominativa a la Fundación para el Desarrollo de las Nuevas Tecnologías del Hidrógeno en Aragón";"active_status_unverified";"Confirmar plazo futuro o evidencia expresa de ventanilla abierta; si no existe, rechazar.";"";"";"https://www.pap.hacienda.gob.es/bdnstrans/GE/es/convocatorias/519793";"No consta un plazo futuro ni una ventanilla indefinida verificable.";"auditoria_2026-08-06"
"207";"media";"pendiente";"";"";"797548";"Orden de bases reguladoras de subvenciones para la adquisición de vehículos nuevos 0 emisiones, instalación de puntos de recarga";"active_status_unverified";"Confirmar plazo futuro o evidencia expresa de ventanilla abierta; si no existe, rechazar.";"";"";"www.jccm.es";"No consta un plazo futuro ni una ventanilla indefinida verificable.";"auditoria_2026-08-06"
"208";"media";"pendiente";"";"";"920752";"Orden de la Consejera de Agricultura, Ganadería y Alimentación, de subv. a la Universidad de Zaragoza para impulsar el desarrollo, por Laboratorio de Genética Bioquímica de la Facultad de Veterinaria, de acciones dirigidas a investigación en genética";"active_status_unverified";"Confirmar plazo futuro o evidencia expresa de ventanilla abierta; si no existe, rechazar.";"";"";"https://www.aragon.es/tramites";"No consta un plazo futuro ni una ventanilla indefinida verificable.";"auditoria_2026-08-06"
"209";"media";"pendiente";"";"";"870528";"ORDEN de la Consejera de Presidencia, Economía y Justicia por la que se otorga una ayuda en régimen de concesión directa la Fundación para el Desarrollo de las Nuevas Tecnologías del Hidrógeno en Aragón en el ejercicio 2025.";"active_status_unverified";"Confirmar plazo futuro o evidencia expresa de ventanilla abierta; si no existe, rechazar.";"";"";"https://www.pap.hacienda.gob.es/bdnstrans/GE/es/convocatorias/870528";"No consta un plazo futuro ni una ventanilla indefinida verificable.";"auditoria_2026-08-06"
"210";"media";"pendiente";"";"";"882775";"ORDEN de la Consejera de Presidencia, Economía y Justicia, por la que se otorga una subvención directa a Fundación para el Desarrollo de las Nuevas Tecnologías del Hidrógeno en Aragón destinada a financiar actuaciones de descarbonización del transporte.";"active_status_unverified";"Confirmar plazo futuro o evidencia expresa de ventanilla abierta; si no existe, rechazar.";"";"";"https://www.pap.hacienda.gob.es/bdnstrans/GE/es/convocatorias/882775";"No consta un plazo futuro ni una ventanilla indefinida verificable.";"auditoria_2026-08-06"
"211";"media";"pendiente";"";"";"890710";"Orden de la Vicepresidenta y Consejera de Presidencia, Economía y Justicia del Gobierno de Aragón, por la que se convocan ayudas a pequeñas y medianas empresas para actuaciones de digitalización";"active_status_unverified";"Confirmar plazo futuro o evidencia expresa de ventanilla abierta; si no existe, rechazar.";"";"";"https://aplicaciones.aragon.es/tramitar/ayudas-pequenas-medianas-empresas-actuaciones-digitalizacion-2026";"No consta un plazo futuro ni una ventanilla indefinida verificable.";"auditoria_2026-08-06"
"212";"media";"pendiente";"";"";"887424";"ORDEN de la Vicepresidenta y Consejera de Presidencia, Economía y Justicia del Gobierno de Aragón, por la que se convocan ayudas de apoyo a Agrupaciones Empresariales Innovadoras para la realización de proyectos colaborativos 2026";"active_status_unverified";"Confirmar plazo futuro o evidencia expresa de ventanilla abierta; si no existe, rechazar.";"";"";"https://aplicaciones.aragon.es/tramitar/ayudas-agrupaciones-empresariales-innovadoras-proyectos-colaborativos-2026";"No consta un plazo futuro ni una ventanilla indefinida verificable.";"auditoria_2026-08-06"
"213";"media";"pendiente";"";"";"918271";"ORDEN de la Vicepresidenta y Consejera de Presidencia, Economía y Justicia, por la que se aprueba la convocatoria de subvenciones para actuaciones de mejora y modernización de áreas industriales durante el ejercicio de 2026";"active_status_unverified";"Confirmar plazo futuro o evidencia expresa de ventanilla abierta; si no existe, rechazar.";"";"";"https://www.pap.hacienda.gob.es/bdnstrans/GE/es/convocatorias/918271";"No consta un plazo futuro ni una ventanilla indefinida verificable.";"auditoria_2026-08-06"
"214";"media";"pendiente";"";"";"900840";"ORDEN de la Vicepresidenta y Consejera de Presidencia, Economía y Justicia, por la que se aprueba la convocatoria de subvenciones para actuaciones de mejora y modernización de áreas industriales durante el ejercicio de 2026";"active_status_unverified";"Confirmar plazo futuro o evidencia expresa de ventanilla abierta; si no existe, rechazar.";"";"";"https://www.pap.hacienda.gob.es/bdnstrans/GE/es/convocatorias/900840";"No consta un plazo futuro ni una ventanilla indefinida verificable.";"auditoria_2026-08-06"
"215";"media";"pendiente";"";"";"633143";"ORDEN DEL CONSEJERO DE ICD POR LA QUE SE OTORGA EN RÉGIMEN DE CONCESIÓN DIRECTA UNA SUBVENCIÓN A LA FUNDACIÓN PARA EL DESARROLLO DE LAS NUEVAS TECNOLOGÍAS DEL HIDRÓGENO EN ARAGÓN DESTINADA A FINANCIAR ACTUACIONES 2022, PLAN DIRECTOR HIDRÓGENO EN ARAGÓN";"active_status_unverified";"Confirmar plazo futuro o evidencia expresa de ventanilla abierta; si no existe, rechazar.";"";"";"https://www.pap.hacienda.gob.es/bdnstrans/GE/es/convocatorias/633143";"No consta un plazo futuro ni una ventanilla indefinida verificable.";"auditoria_2026-08-06"
"216";"media";"pendiente";"";"";"655418";"ORDEN DEL CONSEJERO DE ICD POR LA QUE SE OTORGA EN RÉGIMEN DE CONCESIÓN DIRECTA UNA SUBVENCIÓN A LA FUNDACIÓN PARA EL DESARROLLO DE LAS NUEVAS TECNOLOGÍAS DEL HIDRÓGENO EN ARAGÓN DESTINADA A FINANCIAR LAS ACTUACIONES DE DESCARBONIZACIÓN DEL TRANSPORTE";"active_status_unverified";"Confirmar plazo futuro o evidencia expresa de ventanilla abierta; si no existe, rechazar.";"";"";"https://www.pap.hacienda.gob.es/bdnstrans/GE/es/convocatorias/655418";"No consta un plazo futuro ni una ventanilla indefinida verificable.";"auditoria_2026-08-06"
"217";"media";"pendiente";"";"";"763339";"ORDEN EEI/551/ 2024, de 24 de mayo, por la que se aprueba la convocatoria de subvenciones en materia de ahorro y uso eficiente de la energía del Plan Renove Aragón 2024, de aparatos electrodomésticos y equipos productores de calor, frío y agua caliente.";"active_status_unverified";"Confirmar plazo futuro o evidencia expresa de ventanilla abierta; si no existe, rechazar.";"";"";"https://www.pap.hacienda.gob.es/bdnstrans/GE/es/convocatorias/763339";"No consta un plazo futuro ni una ventanilla indefinida verificable.";"auditoria_2026-08-06"
"218";"media";"pendiente";"";"";"536049";"ORDEN ICD/2020,de 26 de noviembre, por la que se aprueba la convocatoria de subvenciones en materia de ahorro y uso eficiente de la energía a través de la puesta en marcha del Plan Renove Aragón 2020 de aparatos electrodomésticos y equipos de calor y frío";"active_status_unverified";"Confirmar plazo futuro o evidencia expresa de ventanilla abierta; si no existe, rechazar.";"";"";"https://www.pap.hacienda.gob.es/bdnstrans/GE/es/convocatorias/536049";"No consta un plazo futuro ni una ventanilla indefinida verificable.";"auditoria_2026-08-06"
"219";"media";"pendiente";"";"";"838622";"ORDEN PEJ/ / 2025, de 4 de junio, de convocatoria para la concesión de subvenciones en materia de ahorro y uso eficiente de la energía a través del Plan Renove Aragón 2025, de aparatos electrodomésticos y equipos productores de calor, frío.";"active_status_unverified";"Confirmar plazo futuro o evidencia expresa de ventanilla abierta; si no existe, rechazar.";"";"2025-07-01";"Para los compradores, no hay sede electrónica: se solicita en los establecimientos adheridos en el momento de la compra. Para los establecimientos adheridos: Anexo I, a través de la web de la campaña: www.renovearagon.com.";"No consta un plazo futuro ni una ventanilla indefinida verificable.";"auditoria_2026-08-06"
"220";"media";"pendiente";"";"";"391348";"Orden UMA/10/2018, de 14 de marzo, por la que se procede a la convocatoria de las ayudas destinadas a las entidades locales de la Comunidad Autónoma de Cantabria para inversiones y proyectos para reducción de emisiones de gases de efecto invernadero (GEI)";"active_status_unverified";"Confirmar plazo futuro o evidencia expresa de ventanilla abierta; si no existe, rechazar.";"";"";"https://www.pap.hacienda.gob.es/bdnstrans/GE/es/convocatorias/391348";"No consta un plazo futuro ni una ventanilla indefinida verificable.";"auditoria_2026-08-06"
"221";"media";"pendiente";"";"";"358605";"Orden UMA/40/2017, de 1 de agosto, ayudas destinadas a las entidades locales de la Comunidad Autónoma de Cantabria para inversiones y proyectos para la reducción de emisiones gases de efecto invernadero (GEI) en los sectores difusos.";"active_status_unverified";"Confirmar plazo futuro o evidencia expresa de ventanilla abierta; si no existe, rechazar.";"";"";"https://www.pap.hacienda.gob.es/bdnstrans/GE/es/convocatorias/358605";"No consta un plazo futuro ni una ventanilla indefinida verificable.";"auditoria_2026-08-06"
"222";"media";"pendiente";"";"";"430244";"Orden UMA/43/2018, de 17 de diciembre, por la que se procede a la convocatoria de ayudas destinadas a las entidades locales de la Comunidad Autónoma de Cantabria para inversiones y proyectos para la reducción de emisiones de gases de efecto invernadero.";"active_status_unverified";"Confirmar plazo futuro o evidencia expresa de ventanilla abierta; si no existe, rechazar.";"";"";"https://www.pap.hacienda.gob.es/bdnstrans/GE/es/convocatorias/430244";"No consta un plazo futuro ni una ventanilla indefinida verificable.";"auditoria_2026-08-06"
"223";"media";"pendiente";"";"";"920789";"PREMIO MUJER EMPRESARIA 2026";"active_status_unverified";"Confirmar plazo futuro o evidencia expresa de ventanilla abierta; si no existe, rechazar.";"";"";"https://sede.benalmadena.es/sta/CarpetaPublic/doEvent?APP_CODE=STA&PAGE_CODE=PTS2_HOME";"No consta un plazo futuro ni una ventanilla indefinida verificable.";"auditoria_2026-08-06"
"224";"media";"pendiente";"";"";"923054";"Premios estatales de Investigación Tomás y Valiente de la Facultad de Derecho de la Universitat de València a los mejores trabajos de investigación 2026";"active_status_unverified";"Confirmar plazo futuro o evidencia expresa de ventanilla abierta; si no existe, rechazar.";"";"";"https://go.uv.es/Q030eUx";"No consta un plazo futuro ni una ventanilla indefinida verificable.";"auditoria_2026-08-06"
"225";"media";"pendiente";"";"";"923289";"Premios Nacionales de Medioambiente y de Energía 2026";"active_status_unverified";"Confirmar plazo futuro o evidencia expresa de ventanilla abierta; si no existe, rechazar.";"";"";"https://sede.miteco.gob.es/portal/site/seMITECO";"No consta un plazo futuro ni una ventanilla indefinida verificable.";"auditoria_2026-08-06"
"226";"media";"pendiente";"";"";"844627";"Primera convocatoria para la concesión directa de ayudas a proyectos españoles por su participación en el esquema «Subasta como Servicio» del Banco Europeo del Hidrógeno seleccionados por la Agencia Ejecutiva Europea (CINEA) dentro del PRTR.";"active_status_unverified";"Confirmar plazo futuro o evidencia expresa de ventanilla abierta; si no existe, rechazar.";"";"";"https://sede.idae.gob.es/";"No consta un plazo futuro ni una ventanilla indefinida verificable.";"auditoria_2026-08-06"
"227";"media";"pendiente";"";"";"908665";"Resolución 22/05/2026 DG de Economía Circular y Agenda 2030 por la que se procede a la concesión y libramiento de la subvención nominativa prevista en la Ley 5/2025, de 19 de diciembre, de Presupuestos Generales de la Junta de Comunidades de Castilla-La M";"active_status_unverified";"Confirmar plazo futuro o evidencia expresa de ventanilla abierta; si no existe, rechazar.";"";"";"www.jccm.es";"No consta un plazo futuro ni una ventanilla indefinida verificable.";"auditoria_2026-08-06"
"228";"media";"pendiente";"";"";"908554";"Resolución 22/05/2026 DG de Economía Circular y Agenda 2030 por la que se procede a la concesión y libramiento de la subvención nominativa prevista en la Ley 5/2025, de 19 de diciembre, de Presupuestos Generales de la Junta de Comunidades de Castilla-La M";"active_status_unverified";"Confirmar plazo futuro o evidencia expresa de ventanilla abierta; si no existe, rechazar.";"";"";"www.jccm.es";"No consta un plazo futuro ni una ventanilla indefinida verificable.";"auditoria_2026-08-06"
"229";"media";"pendiente";"";"";"912061";"Resolución de 10 de junio de 2026 de la Consejería de Movilidad, Medio Ambiente y Gestión de Emergencias por la que se convocan subvenciones para el impulso de la economía circular en las empresas";"active_status_unverified";"Confirmar plazo futuro o evidencia expresa de ventanilla abierta; si no existe, rechazar.";"";"";"https://www.pap.hacienda.gob.es/bdnstrans/GE/es/convocatorias/912061";"No consta un plazo futuro ni una ventanilla indefinida verificable.";"auditoria_2026-08-06"
"230";"media";"pendiente";"";"";"906355";"Resolución de 14 de mayo de 2026 de la Agencia de Ciencia, Competitividad Empresarial e Innovación Asturiana, por la que aprueba la convocatoria del Programa Jovellanos Doctores Industriales para empresas y desarrollo de actividades de I+D+i para 2026";"active_status_unverified";"Confirmar plazo futuro o evidencia expresa de ventanilla abierta; si no existe, rechazar.";"";"";"http://www.idepa.es/registro";"No consta un plazo futuro ni una ventanilla indefinida verificable.";"auditoria_2026-08-06"
"231";"media";"pendiente";"";"";"887835";"Resolución de 16 de febrero de 2026 Consejería de Ciencia, Industria y Empleo, de convocatoria de subvenciones a las asociaciones de comerciantes del Principado de Asturias: proyectos de promoción comercial y apoyo a la digitalización del pequeño comercio";"active_status_unverified";"Confirmar plazo futuro o evidencia expresa de ventanilla abierta; si no existe, rechazar.";"";"";"https://www.pap.hacienda.gob.es/bdnstrans/GE/es/convocatorias/887835";"No consta un plazo futuro ni una ventanilla indefinida verificable.";"auditoria_2026-08-06"
"232";"media";"pendiente";"";"";"893994";"Resolución de 18 de marzo de 2026 de SEPIDES EPE por la que se efectúa la convocatoria de concesión de ayudas a proyectos de producción de baterías y pilas de combustible de hidrógeno del vehículo eléctrico en el marco del PRTR en el año 2026";"active_status_unverified";"Confirmar plazo futuro o evidencia expresa de ventanilla abierta; si no existe, rechazar.";"";"";"https://www.pap.hacienda.gob.es/bdnstrans/GE/es/convocatorias/893994";"No consta un plazo futuro ni una ventanilla indefinida verificable.";"auditoria_2026-08-06"
"233";"media";"pendiente";"";"";"832234";"Resolución de 2 de mayo de 2025, de la Secretaría General de Industria y Minas, por la que se convocan los incentivos de transición justa en la provincia de Almería para el proyecto tractor «Ecosistema industrial del hidrógeno verde en Almería»";"active_status_unverified";"Confirmar plazo futuro o evidencia expresa de ventanilla abierta; si no existe, rechazar.";"";"";"https://www.pap.hacienda.gob.es/bdnstrans/GE/es/convocatorias/832234";"No consta un plazo futuro ni una ventanilla indefinida verificable.";"auditoria_2026-08-06"
"234";"media";"pendiente";"";"";"832233";"Resolución de 2 de mayo de 2025, de la Secretaría General de Industria y Minas, por la que se convocan los incentivos de transición justa en la provincia de Almería para el proyecto tractor «Ecosistema industrial del hidrógeno verde en Almería»";"active_status_unverified";"Confirmar plazo futuro o evidencia expresa de ventanilla abierta; si no existe, rechazar.";"";"";"https://www.pap.hacienda.gob.es/bdnstrans/GE/es/convocatorias/832233";"No consta un plazo futuro ni una ventanilla indefinida verificable.";"auditoria_2026-08-06"
"235";"media";"pendiente";"";"";"920980";"Resolución de 22 de julio de 2026 de la Consejería de Medio Rural y Política Agraria por la que se aprueba convocatoria plurianual de subvenciones a inversiones en productos agroalimentarios e inversiones en tecnologías forestales";"active_status_unverified";"Confirmar plazo futuro o evidencia expresa de ventanilla abierta; si no existe, rechazar.";"";"";"https://www.pap.hacienda.gob.es/bdnstrans/GE/es/convocatorias/920980";"No consta un plazo futuro ni una ventanilla indefinida verificable.";"auditoria_2026-08-06"
"236";"media";"pendiente";"";"";"922120";"Resolución de 28 de julio 2026 De la consejería de Medio Rural y Política Agraria aprueba la convocatoria de subvenciones para el desarrollo de zonas forestales a empresas privadas y particulares, correspondiente al 2026";"active_status_unverified";"Confirmar plazo futuro o evidencia expresa de ventanilla abierta; si no existe, rechazar.";"";"";"https://www.pap.hacienda.gob.es/bdnstrans/GE/es/convocatorias/922120";"No consta un plazo futuro ni una ventanilla indefinida verificable.";"auditoria_2026-08-06"
"237";"media";"pendiente";"";"";"923538";"Resolución de 29/07/2026 de la Agencia de Ciencia, Competitividad Empresarial e Innovación que aprueba convocatoria de ayudas a inversiones de impulso a grandes empresas (proyectos tractores) para la diversificación económica, cofinanciables por el FTJ.";"active_status_unverified";"Confirmar plazo futuro o evidencia expresa de ventanilla abierta; si no existe, rechazar.";"";"";"http://www.idepa.es/registro";"No consta un plazo futuro ni una ventanilla indefinida verificable.";"auditoria_2026-08-06"
"238";"media";"pendiente";"";"";"903225";"Resolución de 30 de abril de 2026, de la Consejería de Ciencia, Industria y Empleo, por la que se aprueba la convocatoria de subvenciones para la modernización del comercio rural del Principado de Asturias.";"active_status_unverified";"Confirmar plazo futuro o evidencia expresa de ventanilla abierta; si no existe, rechazar.";"";"";"https://www.pap.hacienda.gob.es/bdnstrans/GE/es/convocatorias/903225";"No consta un plazo futuro ni una ventanilla indefinida verificable.";"auditoria_2026-08-06"
"239";"media";"pendiente";"";"";"919408";"Resolución de Alcaldía de fecha 25 de mayo de 2026 por la que se asigna la subvención directa a la ASOCIACION DE LA PEQUEÑA Y MEDIANA EMPRESA DE BREÑA ALTA (PYMESBALTA) para el funcionamiento y el desarrollo de la actividad comercial en el municipio.";"active_status_unverified";"Confirmar plazo futuro o evidencia expresa de ventanilla abierta; si no existe, rechazar.";"";"";"https://brenaalta.sedelectronica.es";"No consta un plazo futuro ni una ventanilla indefinida verificable.";"auditoria_2026-08-06"
"240";"media";"pendiente";"";"";"907458";"Resolución de Alcaldía nº 2026/00002138 de 18/05/2026 por la que se aprueba la convocatoria para la concesión de subvenciones por procedimiento de concurrencia no competitiva en materia de Digitalización Empresarial.";"active_status_unverified";"Confirmar plazo futuro o evidencia expresa de ventanilla abierta; si no existe, rechazar.";"";"";"https://www.pap.hacienda.gob.es/bdnstrans/GE/es/convocatorias/907458";"No consta un plazo futuro ni una ventanilla indefinida verificable.";"auditoria_2026-08-06"
"241";"media";"pendiente";"";"";"918396";"Resolución de la Consejería de Derechos Sociales y Bienestar por la que se autoriza y dispone el gasto y se concede subvención a la Cámara Oficial de Comercio, Industria y Navegación de Avilespara la realización del Proyecto CECOEC 2026: Laboratorio para";"active_status_unverified";"Confirmar plazo futuro o evidencia expresa de ventanilla abierta; si no existe, rechazar.";"";"";"https://www.pap.hacienda.gob.es/bdnstrans/GE/es/convocatorias/918396";"No consta un plazo futuro ni una ventanilla indefinida verificable.";"auditoria_2026-08-06"
"242";"media";"pendiente";"";"";"918395";"Resolución de la Consejería de Derechos Sociales y Bienestar por la que se autoriza y dispone el gasto y se concede subvención a la Cámara Oficial de Comercio, Industria y Navegación de Gijón para la realización del Proyecto CECOEC 2026: Laboratorio para";"active_status_unverified";"Confirmar plazo futuro o evidencia expresa de ventanilla abierta; si no existe, rechazar.";"";"";"https://www.pap.hacienda.gob.es/bdnstrans/GE/es/convocatorias/918395";"No consta un plazo futuro ni una ventanilla indefinida verificable.";"auditoria_2026-08-06"
"243";"media";"pendiente";"";"";"918394";"Resolución de la Consejería de Derechos Sociales y Bienestar por la que se autoriza y dispone el gasto y se concede subvención a la Cámara Oficial de Comercio, Industria y Navegación de Oviedo para la realización del Proyecto CECOEC 2026: Laboratorio para";"active_status_unverified";"Confirmar plazo futuro o evidencia expresa de ventanilla abierta; si no existe, rechazar.";"";"";"https://www.pap.hacienda.gob.es/bdnstrans/GE/es/convocatorias/918394";"No consta un plazo futuro ni una ventanilla indefinida verificable.";"auditoria_2026-08-06"
"244";"media";"pendiente";"";"";"892138";"Resolución de la Consejería de Economía, Empresas y Empleo por la que se acuerda la concesión directa de una subvención a favor de la ""Asociación Ruta del Vino de Almansa"".";"active_status_unverified";"Confirmar plazo futuro o evidencia expresa de ventanilla abierta; si no existe, rechazar.";"";"";"https://www.pap.hacienda.gob.es/bdnstrans/GE/es/convocatorias/892138";"No consta un plazo futuro ni una ventanilla indefinida verificable.";"auditoria_2026-08-06"
"245";"media";"pendiente";"";"";"892140";"Resolución de la Consejería de Economía, Empresas y Empleo por la que se acuerda la concesión directa de una subvención a favor de la ""Asociación Ruta del Vino de La Mancha"".";"active_status_unverified";"Confirmar plazo futuro o evidencia expresa de ventanilla abierta; si no existe, rechazar.";"";"";"https://www.pap.hacienda.gob.es/bdnstrans/GE/es/convocatorias/892140";"No consta un plazo futuro ni una ventanilla indefinida verificable.";"auditoria_2026-08-06"
"246";"media";"pendiente";"";"";"892143";"Resolución de la Consejería de Economía, Empresas y Empleo por la que se acuerda la concesión directa de una subvención a favor de la ""Asociación Ruta del Vino de La Manchuela"".";"active_status_unverified";"Confirmar plazo futuro o evidencia expresa de ventanilla abierta; si no existe, rechazar.";"";"";"https://www.pap.hacienda.gob.es/bdnstrans/GE/es/convocatorias/892143";"No consta un plazo futuro ni una ventanilla indefinida verificable.";"auditoria_2026-08-06"
"247";"media";"pendiente";"";"";"892152";"Resolución de la Consejería de Economía, Empresas y Empleo por la que se acuerda la concesión directa de una subvención a favor de la ""Asociación Ruta del Vino de Valdepeñas"".";"active_status_unverified";"Confirmar plazo futuro o evidencia expresa de ventanilla abierta; si no existe, rechazar.";"";"";"https://www.pap.hacienda.gob.es/bdnstrans/GE/es/convocatorias/892152";"No consta un plazo futuro ni una ventanilla indefinida verificable.";"auditoria_2026-08-06"
"248";"media";"pendiente";"";"";"892172";"Resolución de la Consejería de Economía, Empresas y Empleo por la que se acuerda la concesión directa de una subvención a favor de la ""Asociación Ruta del Vino Méntrida-Toledo"".";"active_status_unverified";"Confirmar plazo futuro o evidencia expresa de ventanilla abierta; si no existe, rechazar.";"";"";"https://www.pap.hacienda.gob.es/bdnstrans/GE/es/convocatorias/892172";"No consta un plazo futuro ni una ventanilla indefinida verificable.";"auditoria_2026-08-06"
"249";"media";"pendiente";"";"";"892154";"Resolución de la Consejería de Economía, Empresas y Empleo por la que se acuerda la concesión directa de una subvención a favor de la ""Los Caminos del Azafrán de La Mancha"".";"active_status_unverified";"Confirmar plazo futuro o evidencia expresa de ventanilla abierta; si no existe, rechazar.";"";"";"https://www.pap.hacienda.gob.es/bdnstrans/GE/es/convocatorias/892154";"No consta un plazo futuro ni una ventanilla indefinida verificable.";"auditoria_2026-08-06"
"250";"media";"pendiente";"";"";"850456";"Resolución de la D.G. de FPE, por la que se convoca para el año 2025 subvenciones públicas regladas, en régimen de c. competitiva, destinadas a la oferta formativa de FPE en el sector HIDRÓGENO VERDE Linea 1, desempleadas en Cádiz y Huelva";"active_status_unverified";"Confirmar plazo futuro o evidencia expresa de ventanilla abierta; si no existe, rechazar.";"";"";"https://www.pap.hacienda.gob.es/bdnstrans/GE/es/convocatorias/850456";"No consta un plazo futuro ni una ventanilla indefinida verificable.";"auditoria_2026-08-06"
"251";"media";"pendiente";"";"";"850460";"Resolución de la D.G. de FPE, por la que se convoca para el año 2025 subvenciones públicas regladas, en régimen de c. competitiva, destinadas a la oferta formativa de FPE en el sector HIDRÓGENO VERDE Linea 2, desempleadas en Cádiz y Huelva";"active_status_unverified";"Confirmar plazo futuro o evidencia expresa de ventanilla abierta; si no existe, rechazar.";"";"";"https://www.pap.hacienda.gob.es/bdnstrans/GE/es/convocatorias/850460";"No consta un plazo futuro ni una ventanilla indefinida verificable.";"auditoria_2026-08-06"
"252";"media";"pendiente";"";"";"923154";"RESOLUCIÓN DE LA VICERRECTORA DE INVESTIGACIÓN DE LA UNIVERSIDAD DE OVIEDO PARA LA CONTRATACIÓN DE PERSONAL (CONTRATO PREDOCTORAL) PARA LA REALIZACIÓN DE PROYECTOS DE INVESTIGACIÓN CIENTÍFICA Y Y TÉCNICA CON CARGO A FONDOS DE INVESTIGACIÓN (JULIO EXTRA 8)";"active_status_unverified";"Confirmar plazo futuro o evidencia expresa de ventanilla abierta; si no existe, rechazar.";"";"";"https://www.uniovi.es/conocenos/rrhh/convocatorias/investigacion";"No consta un plazo futuro ni una ventanilla indefinida verificable.";"auditoria_2026-08-06"
"253";"media";"pendiente";"";"";"923012";"RESOLUCIÓN DE LA VICERRECTORA DE INVESTIGACIÓN DE LA UNIVERSIDAD DE OVIEDO PARA LA CONTRATACIÓN DE PERSONAL INVESTIGADOR Y TÉCNICO DE APOYO, SEGÚN ARTÍCULO 23.bis DE LA LEY 14/2011 DE LA CIENCIA, LA TECNOLOGÍA Y LA INNOVACIÓN (Convocatoria Julio Extra 3)";"active_status_unverified";"Confirmar plazo futuro o evidencia expresa de ventanilla abierta; si no existe, rechazar.";"";"";"https://www.uniovi.es/conocenos/rrhh/convocatorias/investigacion";"No consta un plazo futuro ni una ventanilla indefinida verificable.";"auditoria_2026-08-06"
"254";"media";"pendiente";"";"";"919994";"Resolución de la Vicerrectora de Investigación de la Universidad de Oviedo para la contratación de personal investigador y técnico de apoyo, según artículo 23.bis de la Ley 14/2011 de la Ciencia, la Tecnología y la Innovación. Junio extra 3-2026";"active_status_unverified";"Confirmar plazo futuro o evidencia expresa de ventanilla abierta; si no existe, rechazar.";"";"";"Contratos proyectos I+D - Universidad de Oviedo - uniovi.es";"No consta un plazo futuro ni una ventanilla indefinida verificable.";"auditoria_2026-08-06"
"255";"media";"pendiente";"";"";"923002";"RESOLUCIÓN DE LA VICERRECTORA DE INVESTIGACIÓN DE LA UNIVERSIDAD DE OVIEDO, PARA LA CONTRATACIÓN DE PERSONAL INVESTIGADOR Y PERSONAL TÉCNICO DE APOYO, SEGÚN ARTÍCULO 23.bis DE LA LEY 14/2011 DE LA CIENCIA, LA TECNOLOGÍA Y LA INNOVACIÓN (Junio Extra 4)";"active_status_unverified";"Confirmar plazo futuro o evidencia expresa de ventanilla abierta; si no existe, rechazar.";"";"";"https://www.uniovi.es/conocenos/rrhh/convocatorias/investigacion";"No consta un plazo futuro ni una ventanilla indefinida verificable.";"auditoria_2026-08-06"
"256";"media";"pendiente";"";"";"919255";"RESOLUCIÓN DE LA VICERRECTORA DE INVESTIGACIÓN DE LA UNIVERSIDAD DE OVIEDO, PARA LA CONTRATACIÓN DE PERSONAL INVESTIGADOR Y PERSONAL TÉCNICO DE APOYO, SEGÚN ARTICULO 23.bis DE LA LEY 14/2011 DE LA CIENCIA, LA TECNOLOGÍA Y LA INNOVACIÓN (Mayo Extra 2)";"active_status_unverified";"Confirmar plazo futuro o evidencia expresa de ventanilla abierta; si no existe, rechazar.";"";"";"https://www.uniovi.es/conocenos/rrhh/convocatorias/investigacion";"No consta un plazo futuro ni una ventanilla indefinida verificable.";"auditoria_2026-08-06"
"257";"media";"pendiente";"";"";"920178";"RESOLUCIÓN DE LA VICERRECTORA DE INVESTIGACIÓN DE LA UNIVERSIDAD DE OVIEDO, PARA LA CONTRATACIÓN DE PERSONAL INVESTIGADOR Y TÉCNICO DE APOYO, SEGÚN ARTÍCULO 23.bis DE LA LEY 14/2011 DE LA CIENCIA, LA TECNOLOGÍA Y LA INNOVACIÓN (JULIO EXTRA 6)";"active_status_unverified";"Confirmar plazo futuro o evidencia expresa de ventanilla abierta; si no existe, rechazar.";"";"";"https://www.uniovi.es/conocenos/rrhh/convocatorias/investigacion";"No consta un plazo futuro ni una ventanilla indefinida verificable.";"auditoria_2026-08-06"
"258";"media";"pendiente";"";"";"921200";"RESOLUCIÓN DE LA VICERRECTORA DE INVESTIGACIÓN DE LA UNIVERSIDAD DE OVIEDO, PARA LA CONTRATACIÓN DE PERSONAL INVESTIGADOR Y TÉCNICO DE APOYO, SEGÚN ARTÍCULO 23.bis DE LA LEY 14/2011 DE LA CIENCIA, LA TECNOLOGÍA Y LA INNOVACIÓN (JUNIO EXTRA 8-2026)";"active_status_unverified";"Confirmar plazo futuro o evidencia expresa de ventanilla abierta; si no existe, rechazar.";"";"";"https://www.uniovi.es/conocenos/rrhh/convocatorias/investigacion";"No consta un plazo futuro ni una ventanilla indefinida verificable.";"auditoria_2026-08-06"
"259";"media";"pendiente";"";"";"919445";"RESOLUCIÓN DE LA VICERRECTORA DE INVESTIGACIÓN DE LA UNIVERSIDAD DE OVIEDO,PARA LA CONTRATACIÓN DE PERSONAL INVESTIGADOR Y TÉCNICO DE APOYO SEGÚN ARTÍCULO 23.bis DE LA LEY 14/2011 DE LA CIENCIA, LA TECNOLOGÍA Y LA INNOVACIÓN (Mayo Extra 7 2026)";"active_status_unverified";"Confirmar plazo futuro o evidencia expresa de ventanilla abierta; si no existe, rechazar.";"";"";"https://www.uniovi.es/conocenos/rrhh/convocatorias/investigacion";"No consta un plazo futuro ni una ventanilla indefinida verificable.";"auditoria_2026-08-06"
"260";"media";"pendiente";"";"";"921830";"RESOLUCIÓN DE LA VICERRECTORA DE INVESTIGACIÓN DE LA UNIVERSIDAD DE OVIEDO,PARA LA CONTRATACIÓN DE PERSONAL INVESTIGADOR Y TÉCNICO DE APOYO, SEGÚN ARTÍCULO 23.bis DE LA LEY 14/2011 DE LA CIENCIA, LA TECNOLOGÍA Y LA INNOVACIÓN (JULIO EXTRA 5 2026)";"active_status_unverified";"Confirmar plazo futuro o evidencia expresa de ventanilla abierta; si no existe, rechazar.";"";"";"https://www.uniovi.es/conocenos/rrhh/convocatorias/investigacion";"No consta un plazo futuro ni una ventanilla indefinida verificable.";"auditoria_2026-08-06"
"261";"media";"pendiente";"";"";"920795";"RESOLUCIÓN DE LA VICERRECTORA DE INVESTIGACIÓN DE LA UNIVERSIDAD DE OVIEDO,PARA LA CONTRATACIÓN DE PERSONAL INVESTIGADOR Y TÉCNICO DE APOYO, SEGÚN ARTÍCULO 23.bis DE LA LEY 14/2011 DE LA CIENCIA, LA TECNOLOGÍA Y LA INNOVACIÓN( JULIO EXTRA 7)";"active_status_unverified";"Confirmar plazo futuro o evidencia expresa de ventanilla abierta; si no existe, rechazar.";"";"";"https://www.uniovi.es/conocenos/rrhh/convocatorias/investigacion";"No consta un plazo futuro ni una ventanilla indefinida verificable.";"auditoria_2026-08-06"
"262";"media";"pendiente";"";"";"919407";"RESOLUCIÓN DE LA VICERRECTORA DE INVESTIGACIÓN DE LA UNIVERSIDAD PARA LA CONTRATACIÓN DE PERSONAL INVESTIGADOR Y PERSONAL TÉCNICO DE APOYO, SEGÚN ARTÍCULO 23.bis de la Ley 14/2011 de la Ciencia, la Tecnología y la Innovación (JUNIO EXTRA2)";"active_status_unverified";"Confirmar plazo futuro o evidencia expresa de ventanilla abierta; si no existe, rechazar.";"";"";"https://www.uniovi.es/conocenos/rrhh/convocatorias/investigacion";"No consta un plazo futuro ni una ventanilla indefinida verificable.";"auditoria_2026-08-06"
"263";"media";"pendiente";"";"";"922004";"Resolución de Presidencia 2026/5484 de 24 de julio, de Concesión de subvención a la Cámara Oficial de Comercio, Industria, Servicios y Navegación de Málaga para el proyecto ""Desarrollo de la actividad agraria y rentabilización de las explotaciones"" 2026";"active_status_unverified";"Confirmar plazo futuro o evidencia expresa de ventanilla abierta; si no existe, rechazar.";"";"";"https://sede.malaga.es/";"No consta un plazo futuro ni una ventanilla indefinida verificable.";"auditoria_2026-08-06"
"264";"media";"pendiente";"";"";"904154";"RESOLUCIÓN DEL DIRECTOR GENERAL DEL INSTITUTO DE LAS INDUSTRIAS CULTURALES Y LAS ARTES DE LA REGIÓN DE MURCIA, POR LA QUE SE CONVOCAN AYUDAS A LAS SALAS DE CONCIERTOS DE MÚSICA EN VIVO DE LA REGIÓN DE MURCIA, EN SU EDICIÓN DE 2026";"active_status_unverified";"Confirmar plazo futuro o evidencia expresa de ventanilla abierta; si no existe, rechazar.";"";"";"https://sede.carm.es/web/pagina?IDCONTENIDO=1827&IDTIPO=240&RASTRO=c$m40288";"No consta un plazo futuro ni una ventanilla indefinida verificable.";"auditoria_2026-08-06"
"265";"media";"pendiente";"";"";"918793";"RESOLUCIÓN DEL DIRECTOR GENERAL DEL INSTITUTO DE LAS INDUSTRIAS CULTURALES Y LAS ARTES DE LA REGIÓN DE MURCIA, POR LA QUE SE CONVOCAN AYUDAS ECONÓMICAS, EN RÉGIMEN DE CONCURRENCIA COMPETITIVA, DESTINADAS AL DESARROLLO DE PROYECTOS DE ARTE Y EDUCACIÓN";"active_status_unverified";"Confirmar plazo futuro o evidencia expresa de ventanilla abierta; si no existe, rechazar.";"";"";"https://sede.carm.es/web/pagina?IDCONTENIDO=4687&IDTIPO=240&RASTRO=c$m40288";"No consta un plazo futuro ni una ventanilla indefinida verificable.";"auditoria_2026-08-06"
"266";"media";"pendiente";"";"";"918761";"RESOLUCIÓN DEL DIRECTOR GENERAL DEL INSTITUTO DE LAS INDUSTRIAS CULTURALES Y LAS ARTES DE LA REGIÓN DE MURCIA, POR LA QUE SE CONVOCAN AYUDAS ECONÓMICAS, EN RÉGIMEN DE CONCURRENCIA COMPETITIVA, DESTINADAS AL FOMENTO DE LA ACTIVIDAD CULTURAL EN ÁREAS RURALE";"active_status_unverified";"Confirmar plazo futuro o evidencia expresa de ventanilla abierta; si no existe, rechazar.";"";"";"https://sede.carm.es/web/pagina?IDCONTENIDO=4682&IDTIPO=240&RASTRO=c$m40288";"No consta un plazo futuro ni una ventanilla indefinida verificable.";"auditoria_2026-08-06"
"267";"media";"pendiente";"";"";"902951";"Resolución SOD/EC/20/26, de 30 de abril de 2026, por la que se aprueba la convocatoria para el año 2026 de las subvenciones del programa de fomento de la economía circular, promovido por SODERCAN, S.A.";"active_status_unverified";"Confirmar plazo futuro o evidencia expresa de ventanilla abierta; si no existe, rechazar.";"";"";"https://ayudas.sodercan.es";"No consta un plazo futuro ni una ventanilla indefinida verificable.";"auditoria_2026-08-06"
"268";"media";"pendiente";"";"";"907454";"Resolución SOD/GP/24/26, de 19 de mayo de 2026, por la que se convoca para el año 2026 la línea de subvenciones a grandes proyectos de mejora de la competitividad industrial en empresas de Cantabria promovidas por SODERCAN, S.A.";"active_status_unverified";"Confirmar plazo futuro o evidencia expresa de ventanilla abierta; si no existe, rechazar.";"";"";"https://ayudas.sodercan.es";"No consta un plazo futuro ni una ventanilla indefinida verificable.";"auditoria_2026-08-06"
"269";"media";"pendiente";"";"";"922298";"RESOLUCIÓN VICERRECTORA DE INVESTIGACIÓN DE LA UNIVERSIDAD DE OVIEDO PARA LA CONTRATACIÓN DE PERSONAL, CON CARÁCTER TEMPORAL (PREDOCTORAL) PARA REALIZACIÓN PROYECTOS DE INVESTIGACIÓN CIENTÍFICA Y TÉCNICA CON CARGO A FONDOS DE INVESTIGACIÓN (JULIO 2026)";"active_status_unverified";"Confirmar plazo futuro o evidencia expresa de ventanilla abierta; si no existe, rechazar.";"";"";"https://www.uniovi.es/conocenos/rrhh/convocatorias/investigacion";"No consta un plazo futuro ni una ventanilla indefinida verificable.";"auditoria_2026-08-06"
"270";"media";"pendiente";"";"";"923623";"Resolución Vicerrectora de Investigación de la Universidad de Oviedo por la que se establece convocatoria ayuda para contrato predoctoral asociada al proyecto PID2023-149335NB-I00, Plan Estatal de Investigación Científica, Técnica y Innovación 2021-2023";"active_status_unverified";"Confirmar plazo futuro o evidencia expresa de ventanilla abierta; si no existe, rechazar.";"";"";"https://www.uniovi.es";"No consta un plazo futuro ni una ventanilla indefinida verificable.";"auditoria_2026-08-06"
"271";"media";"pendiente";"";"";"894205";"Segunda convocatoria para la concesión directa de ayudas a Proyectos Españoles por su participación en el esquema “Subasta como Servicio” del Banco Europeo del Hidrógeno seleccionados por la Agencia Ejecutiva Europea (CINEA) dentro del PRTR.";"active_status_unverified";"Confirmar plazo futuro o evidencia expresa de ventanilla abierta; si no existe, rechazar.";"";"";"https://sede.idae.gob.es/";"No consta un plazo futuro ni una ventanilla indefinida verificable.";"auditoria_2026-08-06"
"272";"media";"pendiente";"";"";"921736";"SN a la Comunidad energética Local CEL Salto del Calderón financiación de los gastos corrientes derivados de la organización y celebración del Proyecto de eficiencia energética 2026";"active_status_unverified";"Confirmar plazo futuro o evidencia expresa de ventanilla abierta; si no existe, rechazar.";"";"";"https://sede.dip-caceres.es/carpetaCiudadano/Init.do";"No consta un plazo futuro ni una ventanilla indefinida verificable.";"auditoria_2026-08-06"
"273";"media";"pendiente";"";"";"915694";"Subvención a Cámara Oficial de comercio, industria y navegación de Alicante para el desarrollo del proyecto Jóvenes para la industria de la provincia de Alicante";"active_status_unverified";"Confirmar plazo futuro o evidencia expresa de ventanilla abierta; si no existe, rechazar.";"";"";"https://www.pap.hacienda.gob.es/bdnstrans/GE/es/convocatorias/915694";"No consta un plazo futuro ni una ventanilla indefinida verificable.";"auditoria_2026-08-06"
"274";"media";"pendiente";"";"";"795692";"Subvención a favor de la Fundació Institut de Recerca en Energia de Catalunya (IREC) para la transición hacia un área metropolitana descarbonizada y políticas públicas de adaptación al cambio climático y al hidrógeno verde, 2024 (Exp. 901483/24)";"active_status_unverified";"Confirmar plazo futuro o evidencia expresa de ventanilla abierta; si no existe, rechazar.";"";"";"https://www.pap.hacienda.gob.es/bdnstrans/GE/es/convocatorias/795692";"No consta un plazo futuro ni una ventanilla indefinida verificable.";"auditoria_2026-08-06"
"275";"media";"pendiente";"";"";"917384";"Subvención a favor de Mercabarna por el proyecto Foodback de minimización de residuos y promoción del reaprovechamiento alimentario (Exp. 2025/901378)";"active_status_unverified";"Confirmar plazo futuro o evidencia expresa de ventanilla abierta; si no existe, rechazar.";"";"";"https://www.pap.hacienda.gob.es/bdnstrans/GE/es/convocatorias/917384";"No consta un plazo futuro ni una ventanilla indefinida verificable.";"auditoria_2026-08-06"
"276";"media";"pendiente";"";"";"914689";"Subvención a favor de Un Ponte Per ETS para la ejecución del proyecto “Ziro Dzeblo: Gestión de residuos segura y sostenible en el Norte y Este de Siria” (Exp. 2025/900841)";"active_status_unverified";"Confirmar plazo futuro o evidencia expresa de ventanilla abierta; si no existe, rechazar.";"";"";"https://www.pap.hacienda.gob.es/bdnstrans/GE/es/convocatorias/914689";"No consta un plazo futuro ni una ventanilla indefinida verificable.";"auditoria_2026-08-06"
"277";"media";"pendiente";"";"";"904566";"Subvención a la Cámara de Comercio e Industria de Alcoy para promoción del comercio e industria local Proyecto “Alcoy Impulsa”";"active_status_unverified";"Confirmar plazo futuro o evidencia expresa de ventanilla abierta; si no existe, rechazar.";"";"";"https://www.pap.hacienda.gob.es/bdnstrans/GE/es/convocatorias/904566";"No consta un plazo futuro ni una ventanilla indefinida verificable.";"auditoria_2026-08-06"
"278";"media";"pendiente";"";"";"913169";"Subvención a la Federación de Empresarios del Metal de la Provincia de Alicante (FEMPA): para acciones de impulso a la innovación, digitalización, sostenibilidad, transición ecológica y agenda verde para pymes provinciales del metal";"active_status_unverified";"Confirmar plazo futuro o evidencia expresa de ventanilla abierta; si no existe, rechazar.";"";"";"https://www.pap.hacienda.gob.es/bdnstrans/GE/es/convocatorias/913169";"No consta un plazo futuro ni una ventanilla indefinida verificable.";"auditoria_2026-08-06"
"279";"media";"pendiente";"";"";"905757";"Subvención a la Fundación Empresa-Universidad de Alicante (FUNDEUN) para proyecto de economía circular en el sector industrial de la provincia de Alicante";"active_status_unverified";"Confirmar plazo futuro o evidencia expresa de ventanilla abierta; si no existe, rechazar.";"";"";"https://www.pap.hacienda.gob.es/bdnstrans/GE/es/convocatorias/905757";"No consta un plazo futuro ni una ventanilla indefinida verificable.";"auditoria_2026-08-06"
"280";"media";"pendiente";"";"";"785564";"SUBVENCIÓN A LA FUNDACIÓN INSTITUTO DE INVESTIGACIÓN EN ENERGÍA DE CATALUÑA PARA EL IMPULSO Y FOMENTO DE ACTUACIONES AL DESARROLLO DE TECNOLOGÍAS BASADAS EN EL HIDRÓGENO VERDE EN LA TRANSICIÓN HACIA UN ÁREA METROP. DESCARBONIZADA [Convocatoria 2022]";"active_status_unverified";"Confirmar plazo futuro o evidencia expresa de ventanilla abierta; si no existe, rechazar.";"";"";"https://www.pap.hacienda.gob.es/bdnstrans/GE/es/convocatorias/785564";"No consta un plazo futuro ni una ventanilla indefinida verificable.";"auditoria_2026-08-06"
"281";"media";"pendiente";"";"";"895233";"Subvención a los consorcios de residuos y EMTRE para inversiones en 2026";"active_status_unverified";"Confirmar plazo futuro o evidencia expresa de ventanilla abierta; si no existe, rechazar.";"";"";"https://www.sede.dival.es/";"No consta un plazo futuro ni una ventanilla indefinida verificable.";"auditoria_2026-08-06"
"282";"media";"pendiente";"";"";"636337";"SUBVENCIÓN ADQUISICIÓN DE VEHÍCULOS AUTOTAXI 2022 CERO EMISIONES O ECO";"active_status_unverified";"Confirmar plazo futuro o evidencia expresa de ventanilla abierta; si no existe, rechazar.";"";"";"https://sede.madrid.es/portal/site/tramites/menuitem.c61bb691882ed9d32e202e2084f1a5a0/?vgnextoid=5a9d5d53be9a0210VgnVCM100000171f5a0aRCRD&vgnextchannel=5a9d5d53be9a0210VgnVCM100000171f5a0aRCRD&vgnextfmt=default";"No consta un plazo futuro ni una ventanilla indefinida verificable.";"auditoria_2026-08-06"
"283";"media";"pendiente";"";"";"905581";"Subvención Cámara Oficial de Comercio e Industria de Orihuela para la realización del proyecto de Apoyo Red Viveros Empresas para el fomento de la actividad económica";"active_status_unverified";"Confirmar plazo futuro o evidencia expresa de ventanilla abierta; si no existe, rechazar.";"";"";"https://www.pap.hacienda.gob.es/bdnstrans/GE/es/convocatorias/905581";"No consta un plazo futuro ni una ventanilla indefinida verificable.";"auditoria_2026-08-06"
"284";"media";"pendiente";"";"";"919413";"Subvención concesión directa año 2026 a favor de la Fundación Ciudad de la Energía CIUDEN";"active_status_unverified";"Confirmar plazo futuro o evidencia expresa de ventanilla abierta; si no existe, rechazar.";"";"";"https://www.pap.hacienda.gob.es/bdnstrans/GE/es/convocatorias/919413";"No consta un plazo futuro ni una ventanilla indefinida verificable.";"auditoria_2026-08-06"
"285";"media";"pendiente";"";"";"920878";"Subvención del Fondo de Residuos 2026. Flujo de domésticos anual";"active_status_unverified";"Confirmar plazo futuro o evidencia expresa de ventanilla abierta; si no existe, rechazar.";"";"";"https://www.pap.hacienda.gob.es/bdnstrans/GE/es/convocatorias/920878";"No consta un plazo futuro ni una ventanilla indefinida verificable.";"auditoria_2026-08-06"
"286";"media";"pendiente";"";"";"921254";"Subvención del Fondo de Residuos 2026. Flujo de domésticos plurianual - inversiones vertebradoras";"active_status_unverified";"Confirmar plazo futuro o evidencia expresa de ventanilla abierta; si no existe, rechazar.";"";"";"https://www.pap.hacienda.gob.es/bdnstrans/GE/es/convocatorias/921254";"No consta un plazo futuro ni una ventanilla indefinida verificable.";"auditoria_2026-08-06"
"287";"media";"pendiente";"";"";"920613";"Subvención del Fondo de Residuos 2026. Flujo de otros residuos a empresas";"active_status_unverified";"Confirmar plazo futuro o evidencia expresa de ventanilla abierta; si no existe, rechazar.";"";"";"www.navarra.es";"No consta un plazo futuro ni una ventanilla indefinida verificable.";"auditoria_2026-08-06"
"288";"media";"pendiente";"";"";"916558";"Subvención del pago de la tasa de residuos para mayores de 65 años del municipio de Carlet, ejercicio 2025";"active_status_unverified";"Confirmar plazo futuro o evidencia expresa de ventanilla abierta; si no existe, rechazar.";"";"";"https://www.pap.hacienda.gob.es/bdnstrans/GE/es/convocatorias/916558";"No consta un plazo futuro ni una ventanilla indefinida verificable.";"auditoria_2026-08-06"
"289";"media";"pendiente";"";"";"917234";"SUBVENCION DIRECTA AL AYUNTAMIENTO DE ALDEANUEVA DE LA SIERRA PARA LA OBRA URGENTE DE ADECUACIÓN DEL PUNTO LIMPIO DE RECOGIDA DE RESIDUOS DEL MUNICIPIO";"active_status_unverified";"Confirmar plazo futuro o evidencia expresa de ventanilla abierta; si no existe, rechazar.";"";"";"https://sede.diputaciondesalamanca.gob.es";"No consta un plazo futuro ni una ventanilla indefinida verificable.";"auditoria_2026-08-06"
"290";"media";"pendiente";"";"";"899995";"SUBVENCIÓN DIRECTA EXCEPCIONAL EMPRESA PROVINCIAL DE RESIDUOS Y MEDIO AMBIENTE S.A. (EPREMASA) CONFERENCIA SECTORIAL MA 24/07/24 PRTR";"active_status_unverified";"Confirmar plazo futuro o evidencia expresa de ventanilla abierta; si no existe, rechazar.";"";"";"https://www.pap.hacienda.gob.es/bdnstrans/GE/es/convocatorias/899995";"No consta un plazo futuro ni una ventanilla indefinida verificable.";"auditoria_2026-08-06"
"291";"media";"pendiente";"";"";"915903";"Subvención directa por razones que dificultan su convocatoria a CESEFOR para el desarrollo del proyecto 'Promoción de la construcción industrializada con madera y su cadena de valor en CyL', en el marco del PRTR.";"active_status_unverified";"Confirmar plazo futuro o evidencia expresa de ventanilla abierta; si no existe, rechazar.";"";"";"https://www.pap.hacienda.gob.es/bdnstrans/GE/es/convocatorias/915903";"No consta un plazo futuro ni una ventanilla indefinida verificable.";"auditoria_2026-08-06"
"292";"media";"pendiente";"";"";"905674";"Subvención Federación de Polígonos y Empresas Valencianas (FEPEVAL) para proyecto de simbiosis industrial dinamización tejido productivo en la provincia de Alicante";"active_status_unverified";"Confirmar plazo futuro o evidencia expresa de ventanilla abierta; si no existe, rechazar.";"";"";"https://www.pap.hacienda.gob.es/bdnstrans/GE/es/convocatorias/905674";"No consta un plazo futuro ni una ventanilla indefinida verificable.";"auditoria_2026-08-06"
"293";"media";"pendiente";"";"";"920938";"Subvención Fondo de Residuos 2026. Flujo de domésticos plurianual";"active_status_unverified";"Confirmar plazo futuro o evidencia expresa de ventanilla abierta; si no existe, rechazar.";"";"";"https://www.pap.hacienda.gob.es/bdnstrans/GE/es/convocatorias/920938";"No consta un plazo futuro ni una ventanilla indefinida verificable.";"auditoria_2026-08-06"
"294";"media";"pendiente";"";"";"895232";"Subvención Implantación Planes Locales de Gestión de Residuos (IPLGR) 2026";"active_status_unverified";"Confirmar plazo futuro o evidencia expresa de ventanilla abierta; si no existe, rechazar.";"";"";"https://www.sede.dival.es/";"No consta un plazo futuro ni una ventanilla indefinida verificable.";"auditoria_2026-08-06"
"295";"media";"pendiente";"";"";"923081";"Subvención Nominativa 2026 Fundación Pública Andaluza para la investigación de Málaga en Biomedicina y Salud (FIMABIS) para la participación de esta Consejería en el Instituto de Investigación Biomédica de Málaga (IBIMA) 2026";"active_status_unverified";"Confirmar plazo futuro o evidencia expresa de ventanilla abierta; si no existe, rechazar.";"";"";"https://www.pap.hacienda.gob.es/bdnstrans/GE/es/convocatorias/923081";"No consta un plazo futuro ni una ventanilla indefinida verificable.";"auditoria_2026-08-06"
"296";"media";"pendiente";"";"";"643979";"Subvención nominativa a Fundación CENER para el proyecto MRR Plan Complementario Energía e Hidrógeno Renovable del Plan de Recuperación, Transformación y Resiliencia";"active_status_unverified";"Confirmar plazo futuro o evidencia expresa de ventanilla abierta; si no existe, rechazar.";"";"";"www.navarra.es";"No consta un plazo futuro ni una ventanilla indefinida verificable.";"auditoria_2026-08-06"
"297";"media";"pendiente";"";"";"640369";"Subvención nominativa a Fundación CENER para la ejecución del Plan Complementario de Energía e Hidrógeno Renovable. Aportación de Navarra";"active_status_unverified";"Confirmar plazo futuro o evidencia expresa de ventanilla abierta; si no existe, rechazar.";"";"";"www.navarra.es";"No consta un plazo futuro ni una ventanilla indefinida verificable.";"auditoria_2026-08-06"
"298";"media";"pendiente";"";"";"910612";"SUBVENCIÓN NOMINATIVA CAMARA OFICIAL DE COMERCIO, INDUSTRIA, SERVICIOS Y NAVEGACIÓN DE CANTABRIA. AYUDAS PARA EL FOMENTO DE LA RESPONSABILIDAD SOCIAL EMPRESARIAL Y PROMOCIÓN Y DIFUSIÓN DE LA ECONOMÍA SOCIAL 2026.";"active_status_unverified";"Confirmar plazo futuro o evidencia expresa de ventanilla abierta; si no existe, rechazar.";"";"2026-01-01";"https://www.pap.hacienda.gob.es/bdnstrans/GE/es/convocatorias/910612";"No consta un plazo futuro ni una ventanilla indefinida verificable.";"auditoria_2026-08-06"
"299";"media";"pendiente";"";"";"909678";"Subvención para adquisición de fregadora industrial para limpieza de los edificios municipales del Ayuntamiento de Lalueza";"active_status_unverified";"Confirmar plazo futuro o evidencia expresa de ventanilla abierta; si no existe, rechazar.";"";"";"https://www.dphuesca.es";"No consta un plazo futuro ni una ventanilla indefinida verificable.";"auditoria_2026-08-06"
"300";"media";"pendiente";"";"";"909410";"Subvención para adquisición de terrenos para construcción de polígono industrial promoción municipal en Campo";"active_status_unverified";"Confirmar plazo futuro o evidencia expresa de ventanilla abierta; si no existe, rechazar.";"";"";"https://www.dphuesca.es";"No consta un plazo futuro ni una ventanilla indefinida verificable.";"auditoria_2026-08-06"
"301";"media";"pendiente";"";"";"914777";"SUBVENCIÓN PARA EL FOMENTO AL EMPLEO Y DE LA PROMOCIÓN DE LA ACTIVIDAD INDUSTRIAL EN CALATAYUD 2026";"active_status_unverified";"Confirmar plazo futuro o evidencia expresa de ventanilla abierta; si no existe, rechazar.";"";"";"https://www.pap.hacienda.gob.es/bdnstrans/GE/es/convocatorias/914777";"No consta un plazo futuro ni una ventanilla indefinida verificable.";"auditoria_2026-08-06"
"302";"media";"pendiente";"";"";"920746";"SUBVENCIÓN PARA LA ASOCIACION EMPRESARIAL POLIGONO ERLETXE 2026";"active_status_unverified";"Confirmar plazo futuro o evidencia expresa de ventanilla abierta; si no existe, rechazar.";"";"";"https://www.pap.hacienda.gob.es/bdnstrans/GE/es/convocatorias/920746";"No consta un plazo futuro ni una ventanilla indefinida verificable.";"auditoria_2026-08-06"
"303";"media";"pendiente";"";"";"897901";"SUBVENCIÓN REDACCIÓN Y REVISIÓN DE LOS PLGR Y DE ASISTENCIA TÉCNICA PARA SEGUIMIENTO DE LOS SERVICIOS DE RECOGIDA DE RESIDUOS EN LAS ENTIDADES LOCALES DE LA PROVINCIA DE VALENCIA EJERCICIO 2026";"active_status_unverified";"Confirmar plazo futuro o evidencia expresa de ventanilla abierta; si no existe, rechazar.";"";"";"https://www.sede.dival.es/";"No consta un plazo futuro ni una ventanilla indefinida verificable.";"auditoria_2026-08-06"
"304";"media";"pendiente";"";"";"694580";"SUBVENCIÓN VEHÍCULOS EUROTAXI CON ETIQUETA CERO EMISIONES O ECO";"active_status_unverified";"Confirmar plazo futuro o evidencia expresa de ventanilla abierta; si no existe, rechazar.";"";"";"https://sede.madrid.es/portal/site/tramites/menuitem.c61bb691882ed9d32e202e2084f1a5a0/?vgnextoid=5a9d5d53be9a0210VgnVCM100000171f5a0aRCRD&vgnextchannel=5a9d5d53be9a0210VgnVCM100000171f5a0aRCRD&vgnextfmt=default";"No consta un plazo futuro ni una ventanilla indefinida verificable.";"auditoria_2026-08-06"
"305";"media";"pendiente";"";"";"635695";"SUBVENCIÓN VEHÍCULOS EUROTAXI CON ETIQUETA CERO EMISIONES O ECO";"active_status_unverified";"Confirmar plazo futuro o evidencia expresa de ventanilla abierta; si no existe, rechazar.";"";"";"https://sede.madrid.es/portal/site/tramites/menuitem.c61bb691882ed9d32e202e2084f1a5a0/?vgnextoid=5a9d5d53be9a0210VgnVCM100000171f5a0aRCRD&vgnextchannel=5a9d5d53be9a0210VgnVCM100000171f5a0aRCRD&vgnextfmt=default";"No consta un plazo futuro ni una ventanilla indefinida verificable.";"auditoria_2026-08-06"
"306";"media";"pendiente";"";"";"903944";"Subvenciones 2026 a empresas para la Transformación Digital (Digitalización del sector servicios) en la CA de Extremadura, s/ Resolución de 17 de Abril de 2026";"active_status_unverified";"Confirmar plazo futuro o evidencia expresa de ventanilla abierta; si no existe, rechazar.";"";"";"https://www.juntaex.es/w/0706324";"No consta un plazo futuro ni una ventanilla indefinida verificable.";"auditoria_2026-08-06"
"307";"media";"pendiente";"";"";"902426";"Subvenciones 2026 proyectos de eficiencia energética y reducción de emisiones";"active_status_unverified";"Confirmar plazo futuro o evidencia expresa de ventanilla abierta; si no existe, rechazar.";"";"";"https://sede.eprinsa.es/energiacordoba/tramites";"No consta un plazo futuro ni una ventanilla indefinida verificable.";"auditoria_2026-08-06"
"308";"media";"pendiente";"";"";"846244";"Subvenciones a Centros Residenciales para personas mayores y hogares del pensionista para proyectos de ahorro, eficiencia energética, energías renovables y reducción de emisiones 2025";"active_status_unverified";"Confirmar plazo futuro o evidencia expresa de ventanilla abierta; si no existe, rechazar.";"";"";"https://sede.eprinsa.es/energiacordoba/tramites/procedimiento/1201/convocatoria-de-subvenciones";"No consta un plazo futuro ni una ventanilla indefinida verificable.";"auditoria_2026-08-06"
"309";"media";"pendiente";"";"";"615329";"Subvenciones a conceder mediante el procedimiento de concurrencia competitiva para proyectos de ahorro, eficiencia energética, fomento de las energías renovables y reducción de emisiones de CO2 en el sector empresarial de la provincia de Córdoba - 2022.";"active_status_unverified";"Confirmar plazo futuro o evidencia expresa de ventanilla abierta; si no existe, rechazar.";"";"";"https://sede.eprinsa.es/energiacordoba/tramites/procedimiento/1201/convocatoria-de-subvenciones";"No consta un plazo futuro ni una ventanilla indefinida verificable.";"auditoria_2026-08-06"
"310";"media";"pendiente";"";"";"624344";"Subvenciones a entidades locales para el diseño e implantación de Zonas de Bajas Emisiones 2021-2025";"active_status_unverified";"Confirmar plazo futuro o evidencia expresa de ventanilla abierta; si no existe, rechazar.";"";"";"https://www.pap.hacienda.gob.es/bdnstrans/GE/es/convocatorias/624344";"No consta un plazo futuro ni una ventanilla indefinida verificable.";"auditoria_2026-08-06"
"311";"media";"pendiente";"";"";"922150";"Subvenciones a proyectos de investigacion del Institut de Estudios del Autogobierno en el ámbito de la organización territorial del poder a universidades y centros de investigacion del sistema catalán.";"active_status_unverified";"Confirmar plazo futuro o evidencia expresa de ventanilla abierta; si no existe, rechazar.";"";"2026-09-07";"https://www.pap.hacienda.gob.es/bdnstrans/GE/es/convocatorias/922150";"No consta un plazo futuro ni una ventanilla indefinida verificable.";"auditoria_2026-08-06"
"312";"media";"pendiente";"";"";"615212";"Subvenciones dirigidas a Entidades Locales de la provincia de Córdoba para proyectos de ahorro, eficiencia energética, fomento de las energías renovables y reducción de emisiones de CO2 - 2022.";"active_status_unverified";"Confirmar plazo futuro o evidencia expresa de ventanilla abierta; si no existe, rechazar.";"";"";"https://sede.eprinsa.es/energiacordoba/tramites/procedimiento/1201/convocatoria-de-subvenciones";"No consta un plazo futuro ni una ventanilla indefinida verificable.";"auditoria_2026-08-06"
"313";"media";"pendiente";"";"";"900449";"SUBVENCIONES MEDIANTE CONCURRENCIA COMPETITIVA A AYUNTAMIENTOS Y MANCOMUNIDADES DE ESTA PROVINCIA DESTINADAS A LA REALIZACIÓN DE INVERSIONES EN INFRAESTRUCTURAS Y EQUIPAMIENTO DE GESTIÓN DE RESIDUOS DE COMPETENCIA LOCAL EN LA PROVINCIA DE PALENCIA";"active_status_unverified";"Confirmar plazo futuro o evidencia expresa de ventanilla abierta; si no existe, rechazar.";"";"";"http://sede.diputaciondepalencia.es";"No consta un plazo futuro ni una ventanilla indefinida verificable.";"auditoria_2026-08-06"
"314";"media";"pendiente";"";"";"904520";"Subvenciones Nominativas RED-2026. Consejo Andaluz de Cámaras de Comercio, Industria y Navegación para la financiación del Centro Enterprise Europe Network";"active_status_unverified";"Confirmar plazo futuro o evidencia expresa de ventanilla abierta; si no existe, rechazar.";"";"";"https://www.pap.hacienda.gob.es/bdnstrans/GE/es/convocatorias/904520";"No consta un plazo futuro ni una ventanilla indefinida verificable.";"auditoria_2026-08-06"
"315";"media";"pendiente";"";"";"911180";"Subvenciones para la utilización de árido reciclado de los residuos de la construcción con marcado CE en obras promovidas por entes locales y empresas públicas municipales de Cataluña";"active_status_unverified";"Confirmar plazo futuro o evidencia expresa de ventanilla abierta; si no existe, rechazar.";"";"";"https://www.pap.hacienda.gob.es/bdnstrans/GE/es/convocatorias/911180";"No consta un plazo futuro ni una ventanilla indefinida verificable.";"auditoria_2026-08-06"
"316";"media";"pendiente";"";"";"920460";"Subvenciones, en régimen de concurrencia no competitiva para para la creación y el establecimiento de nuevas empresas en el municipio de Vila-seca (L3: Empresas lideradas por jovenes)";"active_status_unverified";"Confirmar plazo futuro o evidencia expresa de ventanilla abierta; si no existe, rechazar.";"";"";"https://vila-seca.eadministracio.cat/info.0";"No consta un plazo futuro ni una ventanilla indefinida verificable.";"auditoria_2026-08-06"
"317";"media";"pendiente";"";"";"715719";"SUBVENXIÓN VEHÍCULOS AUTOTAXI CERO EMISIONES AÑO 2023";"active_status_unverified";"Confirmar plazo futuro o evidencia expresa de ventanilla abierta; si no existe, rechazar.";"";"";"https://sede.madrid.es/portal/site/tramites/menuitem.c61bb691882ed9d32e202e2084f1a5a0/?vgnextoid=5a9d5d53be9a0210VgnVCM100000171f5a0aRCRD&vgnextchannel=5a9d5d53be9a0210VgnVCM100000171f5a0aRCRD&vgnextfmt=default";"No consta un plazo futuro ni una ventanilla indefinida verificable.";"auditoria_2026-08-06"
"318";"media";"pendiente";"";"";"894937";"Transporte Circular lnter-empresas, que se realiza desde las estaciones de RENFE cercanas hasta las empresas radicadas en el Polígono industrial y zonas de empleo terciario del Municipio de Alcobendas";"active_status_unverified";"Confirmar plazo futuro o evidencia expresa de ventanilla abierta; si no existe, rechazar.";"";"";"WWW.ALCOBENDAS.ORG";"No consta un plazo futuro ni una ventanilla indefinida verificable.";"auditoria_2026-08-06"
"319";"media";"pendiente";"";"";"920078";"Tres becas de iniciación a la investigación del Instituto Universitario de Matemáticas y Aplicaciones de Castelló (IMAC)";"active_status_unverified";"Confirmar plazo futuro o evidencia expresa de ventanilla abierta; si no existe, rechazar.";"";"";"ujiapps.uji.es/seu/info-adm/tao/convocatoriesRH?pArId=87446";"No consta un plazo futuro ni una ventanilla indefinida verificable.";"auditoria_2026-08-06"
"320";"media";"pendiente";"";"";"922650";"VIII edición del premio de iniciación a la investigación Joaquín Olivert de la Cátedra Ciutat de Cullera de la UV al mejor trabajo fin de grado, fin de máster o tesis doctoral sobre desarrollo local en la Ciudad de Cullera";"active_status_unverified";"Confirmar plazo futuro o evidencia expresa de ventanilla abierta; si no existe, rechazar.";"";"";"https://www.uv.es/seu-electronica/ca/electronica-uv.html";"No consta un plazo futuro ni una ventanilla indefinida verificable.";"auditoria_2026-08-06"
"321";"baja";"pendiente";"";"";"920260";"(4038/2026) CONVOCATORIA CONCESIÓN AYUDAS FINANCIACIÓN REALIZACIÓN ACTIVIDADES O SERVICIOS PARA ATENCIÓN A PERSONAS Y COLECTIVOS CON NECESIDADES SOCIOSANITARIAS A DESARROLLAR EN FRAGA POR ASOCIACIONES Y ENT. PRIVADAS SIN ÁNIMO DE LUCRO, AÑO 2026.";"active_status_unverified";"Confirmar plazo futuro o evidencia expresa de ventanilla abierta; si no existe, rechazar.";"";"";"https://www.pap.hacienda.gob.es/bdnstrans/GE/es/convocatorias/920260";"No consta un plazo futuro ni una ventanilla indefinida verificable.";"auditoria_2026-08-06"
"322";"baja";"pendiente";"";"";"922539";"ACUERDO de 29 de julio de DFB por el que se aprueba el convenio de concesión de la subvención directa nominativa , a favor de la Fundación Euskoiker, para el desarrollo de los proyectos: BiSKY Team, Formula Student Bizkaia, Motostudent e Innoboat en 2026.";"active_status_unverified";"Confirmar plazo futuro o evidencia expresa de ventanilla abierta; si no existe, rechazar.";"";"";"https://www.ebizkaia.eus/es/catalogo-de-tramites-y-servicios";"No consta un plazo futuro ni una ventanilla indefinida verificable.";"auditoria_2026-08-06"
"323";"baja";"pendiente";"";"";"904480";"Acuerdo de 30 de abril de 2026, de la Junta de Castilla y León, por el que se autoriza la concesión directa de una subvención a la Asociación de Entidades Representativas de la Economía Social de Castilla y León (ASECYL).";"active_status_unverified";"Confirmar plazo futuro o evidencia expresa de ventanilla abierta; si no existe, rechazar.";"";"";"https://www.pap.hacienda.gob.es/bdnstrans/GE/es/convocatorias/904480";"No consta un plazo futuro ni una ventanilla indefinida verificable.";"auditoria_2026-08-06"
"324";"baja";"pendiente";"";"";"701491";"Acuerdo de fecha 24 de abril del Consejo Rector del IMAS, por la que se concede a Cáritas, una subvención directa para el desarrollo de los Proyectos:"" Atacaite"", ""Ciprés"", ""Hassidim"", ""Café y Calor"" y ""Guajara"", durante el año 2023.";"active_status_unverified";"Confirmar plazo futuro o evidencia expresa de ventanilla abierta; si no existe, rechazar.";"";"";"https://www.pap.hacienda.gob.es/bdnstrans/GE/es/convocatorias/701491";"No consta un plazo futuro ni una ventanilla indefinida verificable.";"auditoria_2026-08-06"
"325";"baja";"pendiente";"";"";"921735";"Acuerdo del Consejo Ejecutivo, de 22 de junio de 2026, relativo a la aprobación del convenio con la Asociación Protectora de Animales de Ciutadella para el desarrollo de las actividades del ejercicio 2026";"active_status_unverified";"Confirmar plazo futuro o evidencia expresa de ventanilla abierta; si no existe, rechazar.";"";"";"www.cime.es";"No consta un plazo futuro ni una ventanilla indefinida verificable.";"auditoria_2026-08-06"
"326";"baja";"pendiente";"";"";"921873";"Acuerdo del Consejo Ejecutivo, de 22 de junio de 2026, relativo a la aprobación del convenio con la Asociación Protectora de Animales de Maó para el desarrollo de las actividades del ejercicio 2026";"active_status_unverified";"Confirmar plazo futuro o evidencia expresa de ventanilla abierta; si no existe, rechazar.";"";"";"www.cime.es";"No consta un plazo futuro ni una ventanilla indefinida verificable.";"auditoria_2026-08-06"
"327";"baja";"pendiente";"";"";"922638";"ACUERDO PARA LA APROBACIÓN DEL CONVENIO POR EL QUE SE CONCEDE LA SUBVENCIÓN DIRECTA NOMINATIVA PARA EL AÑO 2026, A FAVOR DE LA COORD INADORA DE ONG DE DESARROLLO DE EUSKADI - GGKE ELKARTEA, PARA LA FINANCIACIÓN DE UN PROYECTO DE CARÁCTER INTEGRAL";"active_status_unverified";"Confirmar plazo futuro o evidencia expresa de ventanilla abierta; si no existe, rechazar.";"";"";"https://www.ebizkaia.eus/es/catalogo-de-tramites-y-servicios";"No consta un plazo futuro ni una ventanilla indefinida verificable.";"auditoria_2026-08-06"
"328";"baja";"pendiente";"";"";"890169";"Atribución al Ayuntamiento de La Guancha de la gestión de la actuación prevista en el PIOS 22-26 ""Mejora de la red de abastecimiento: sectorización, digitalización, regulación de presiones, sustitución redes y llaves""";"active_status_unverified";"Confirmar plazo futuro o evidencia expresa de ventanilla abierta; si no existe, rechazar.";"";"";"https://www.pap.hacienda.gob.es/bdnstrans/GE/es/convocatorias/890169";"No consta un plazo futuro ni una ventanilla indefinida verificable.";"auditoria_2026-08-06"
"329";"baja";"pendiente";"";"";"914855";"Ayudas 2026 Enfoque Leader a inversiones en acciones a servicios básicos para la economía y la población rural (Intervención 7119 PEPAC), s/ I Convo (PEPAC 2023-2027) G.A.L. Sierra de San Pedro";"active_status_unverified";"Confirmar plazo futuro o evidencia expresa de ventanilla abierta; si no existe, rechazar.";"";"";"https://aradoacceso.juntaex.es/Paginas/Login)";"No consta un plazo futuro ni una ventanilla indefinida verificable.";"auditoria_2026-08-06"
"330";"baja";"pendiente";"";"";"918426";"Ayudas 2026 Enfoque Leader a inversiones en acciones a servicios básicos para la economía y la población rural (Intervención 7119 PEPAC), s/ II Convo (PEPAC 2023-2027) G.A.L. ADEME";"active_status_unverified";"Confirmar plazo futuro o evidencia expresa de ventanilla abierta; si no existe, rechazar.";"";"";"https://aradoacceso.juntaex.es/Paginas/Login)";"No consta un plazo futuro ni una ventanilla indefinida verificable.";"auditoria_2026-08-06"
"331";"baja";"pendiente";"";"";"914421";"Ayudas 2026 Enfoque Leader a inversiones en acciones a servicios básicos para la economía y la población rural (Intervención 7119 PEPAC), s/ II Convo (PEPAC 2023-2027) G.A.L. ADERCO";"active_status_unverified";"Confirmar plazo futuro o evidencia expresa de ventanilla abierta; si no existe, rechazar.";"";"";"https://aradoacceso.juntaex.es/Paginas/Login)";"No consta un plazo futuro ni una ventanilla indefinida verificable.";"auditoria_2026-08-06"
"332";"baja";"pendiente";"";"";"914170";"Ayudas 2026 Enfoque Leader a inversiones en acciones a servicios básicos para la economía y la población rural (Intervención 7119 PEPAC), s/ II Convo (PEPAC 2023-2027) G.A.L. ADISMONTA";"active_status_unverified";"Confirmar plazo futuro o evidencia expresa de ventanilla abierta; si no existe, rechazar.";"";"";"https://aradoacceso.juntaex.es/Paginas/Login)";"No consta un plazo futuro ni una ventanilla indefinida verificable.";"auditoria_2026-08-06"
"333";"baja";"pendiente";"";"";"914457";"Ayudas 2026 Enfoque Leader a inversiones en acciones a servicios básicos para la economía y la población rural (Intervención 7119 PEPAC), s/ II Convo (PEPAC 2023-2027) G.A.L. LA SIBERIA";"active_status_unverified";"Confirmar plazo futuro o evidencia expresa de ventanilla abierta; si no existe, rechazar.";"";"";"https://aradoacceso.juntaex.es/Paginas/Login)";"No consta un plazo futuro ni una ventanilla indefinida verificable.";"auditoria_2026-08-06"
"334";"baja";"pendiente";"";"";"914377";"Ayudas 2026 Enfoque Leader a inversiones en acciones a servicios básicos para la economía y la población rural (Intervención 7119 PEPAC), s/ II Convo (PEPAC 2023-2027) G.A.L. ZAFRA RIO BODIÓN";"active_status_unverified";"Confirmar plazo futuro o evidencia expresa de ventanilla abierta; si no existe, rechazar.";"";"";"https://aradoacceso.juntaex.es/Paginas/Login)";"No consta un plazo futuro ni una ventanilla indefinida verificable.";"auditoria_2026-08-06"
"335";"baja";"pendiente";"";"";"914150";"Ayudas 2026 Enfoque Leader a inversiones en acciones a servicios básicos para la economía y la población rural (Intervención 7119 PEPAC), s/ III Convo (PEPAC 2023-2027) G.A.L. ADIC-HURDES";"active_status_unverified";"Confirmar plazo futuro o evidencia expresa de ventanilla abierta; si no existe, rechazar.";"";"";"https://aradoacceso.juntaex.es/Paginas/Login)";"No consta un plazo futuro ni una ventanilla indefinida verificable.";"auditoria_2026-08-06"
"336";"baja";"pendiente";"";"";"888478";"Ayudas 2026 Enfoque Leader a inversiones en acciones a servicios básicos para la economía y la población rural. (Intervención 7119 PEPAC), s/ I Convo (PEPAC 2023-2027) G.A.L. ADERSUR";"active_status_unverified";"Confirmar plazo futuro o evidencia expresa de ventanilla abierta; si no existe, rechazar.";"";"";"https://aradoacceso.juntaex.es/Paginas/Login)";"No consta un plazo futuro ni una ventanilla indefinida verificable.";"auditoria_2026-08-06"
"337";"baja";"pendiente";"";"";"887988";"Ayudas 2026 Enfoque Leader a inversiones en acciones a servicios básicos para la economía y la población rural. (Intervención 7119 PEPAC), s/ II Convo (PEPAC 2023-2027) G.A.L. APRODERVI";"active_status_unverified";"Confirmar plazo futuro o evidencia expresa de ventanilla abierta; si no existe, rechazar.";"";"";"https://aradoacceso.juntaex.es/Paginas/Login)";"No consta un plazo futuro ni una ventanilla indefinida verificable.";"auditoria_2026-08-06"
"338";"baja";"pendiente";"";"";"886589";"Ayudas 2026 Enfoque Leader a inversiones en acciones a servicios básicos para la economía y la población rural. (Intervención 7119 PEPAC), s/ II Convo (PEPAC 2023-2027) G.A.L. CAMPISUR";"active_status_unverified";"Confirmar plazo futuro o evidencia expresa de ventanilla abierta; si no existe, rechazar.";"";"";"https://aradoacceso.juntaex.es/Paginas/Login)";"No consta un plazo futuro ni una ventanilla indefinida verificable.";"auditoria_2026-08-06"
"339";"baja";"pendiente";"";"";"888438";"Ayudas 2026 Enfoque Leader a inversiones en acciones a servicios básicos para la economía y la población rural. (Intervención 7119 PEPAC), s/ II Convo (PEPAC 2023-2027) G.A.L. CAPARRA";"active_status_unverified";"Confirmar plazo futuro o evidencia expresa de ventanilla abierta; si no existe, rechazar.";"";"";"https://aradoacceso.juntaex.es/Paginas/Login)";"No consta un plazo futuro ni una ventanilla indefinida verificable.";"auditoria_2026-08-06"
"340";"baja";"pendiente";"";"";"914056";"Ayudas 2026 Enfoque Leader a inversiones en acciones a servicios básicos para la economía y la población rural..(Intervención 7119 PEPAC), s/ II Convo (PEPAC 2023-2027) G.A.L. ADICOMT";"active_status_unverified";"Confirmar plazo futuro o evidencia expresa de ventanilla abierta; si no existe, rechazar.";"";"";"https://aradoacceso.juntaex.es/Paginas/Login)";"No consta un plazo futuro ni una ventanilla indefinida verificable.";"auditoria_2026-08-06"
"341";"baja";"pendiente";"";"";"907935";"Ayudas en especie servicios de asistencias técnicas y consultoría en Latinoamérica en el marco de la Estrategia de Internacionalización de la Economía Canaria";"active_status_unverified";"Confirmar plazo futuro o evidencia expresa de ventanilla abierta; si no existe, rechazar.";"";"";"https://sede.gobiernodecanarias.org/";"No consta un plazo futuro ni una ventanilla indefinida verificable.";"auditoria_2026-08-06"
"342";"baja";"pendiente";"";"";"920426";"Ayudas para el desarrollo académico y profesional “ADAP”, para los estudiantes del municipio, curso 2025/2026";"active_status_unverified";"Confirmar plazo futuro o evidencia expresa de ventanilla abierta; si no existe, rechazar.";"";"";"https://www.pap.hacienda.gob.es/bdnstrans/GE/es/convocatorias/920426";"No consta un plazo futuro ni una ventanilla indefinida verificable.";"auditoria_2026-08-06"
"343";"baja";"pendiente";"";"";"919395";"BASES DE LA CONVOCATORIA ESPECÍFICA DE 2026 PARA LA CONCESIÓN DE SUBVENCIONES, EN RÉGIMEN DE CONCURRENCIA COMPETITIVA DESTINADAS A LA ORGANIZACIÓN Y DESARROLLO DE PROGRAMAS Y ACTUACIONES DEPORTIVAS EN EL MUNICIPIO DE ALCANTARILLA PARA LA TEMPORADA 25-26";"active_status_unverified";"Confirmar plazo futuro o evidencia expresa de ventanilla abierta; si no existe, rechazar.";"";"";"https://www.pap.hacienda.gob.es/bdnstrans/GE/es/convocatorias/919395";"No consta un plazo futuro ni una ventanilla indefinida verificable.";"auditoria_2026-08-06"
"344";"baja";"pendiente";"";"";"919092";"BASES DE SUBVENCIONES EN CONCURRENCIA COMPETITIVA A ENTIDADES O CLUBES DEPORTIVOS PARA EL DESARROLLO Y GESTIÓN DE ACTIVIDADES (ENTRENAMIENTO Y COMPETICIÓN) DURANTE 2026. EXPEDIENTE 2026/524";"active_status_unverified";"Confirmar plazo futuro o evidencia expresa de ventanilla abierta; si no existe, rechazar.";"";"";"https://www.pap.hacienda.gob.es/bdnstrans/GE/es/convocatorias/919092";"No consta un plazo futuro ni una ventanilla indefinida verificable.";"auditoria_2026-08-06"
"345";"baja";"pendiente";"";"";"921622";"BASES PARA EL DESARROLLO DE LA CONVOCATORIA Y ADJUDICACIÓN DE PLAZAS PARA LA PARTICIPACIÓN EN El PROGRAMA DE INMERSIÓN EN LENGUA INGLESA “TOMILINGO” DIRIGIDAS AL ALUMNADO DEL IES ANTÓN ALONSO RÍOS DE TOMIÑO, QUE CURSÓ 4º DE LA ESO EN EL CURSO ESCOLAR 2025";"active_status_unverified";"Confirmar plazo futuro o evidencia expresa de ventanilla abierta; si no existe, rechazar.";"";"";"https://tomino.sedelectronica.gal/dossier.1";"No consta un plazo futuro ni una ventanilla indefinida verificable.";"auditoria_2026-08-06"
"346";"baja";"pendiente";"";"";"922749";"BASES Y CONVOCATORIA DE AYUDAS A PROYECTOS DE COOPERACION AL DESARROLLO PARA 2026.AYUNTAMIENTO DE GERNIKA-LUMO.";"active_status_unverified";"Confirmar plazo futuro o evidencia expresa de ventanilla abierta; si no existe, rechazar.";"";"";"https://www.pap.hacienda.gob.es/bdnstrans/GE/es/convocatorias/922749";"No consta un plazo futuro ni una ventanilla indefinida verificable.";"auditoria_2026-08-06"
"347";"baja";"pendiente";"";"";"919878";"Becas para estancias de voluntariado y prácticas externas en países prioritarios de cooperación al desarrollo para el estudiantado de grado y máster de los cursos 2025-26 y 2026-27";"active_status_unverified";"Confirmar plazo futuro o evidencia expresa de ventanilla abierta; si no existe, rechazar.";"";"";"https://www.uv.es/sede-electronica/es/sede-electronica-uv.html";"No consta un plazo futuro ni una ventanilla indefinida verificable.";"auditoria_2026-08-06"
"348";"baja";"pendiente";"";"";"919096";"Concesión de subvención directa a las operadoras del transporte público regular de viajeros de Gran Canaria para el desarrollo de las políticas tarifarias y establecimiento de las compensaciones económicas consiguientes durante el ejercicio 2026.";"active_status_unverified";"Confirmar plazo futuro o evidencia expresa de ventanilla abierta; si no existe, rechazar.";"";"";"https://www.pap.hacienda.gob.es/bdnstrans/GE/es/convocatorias/919096";"No consta un plazo futuro ni una ventanilla indefinida verificable.";"auditoria_2026-08-06"
"349";"baja";"pendiente";"";"";"922991";"Concesión Directa 2026 de una subvención a la Red Extremeña de Desarrollo Rural (REDEX) como contibución a sus Gastos de Funcionamiento y Plataforma de información y servicios en beneficio del Medio Rural Extremeño";"active_status_unverified";"Confirmar plazo futuro o evidencia expresa de ventanilla abierta; si no existe, rechazar.";"";"";"https://www.pap.hacienda.gob.es/bdnstrans/GE/es/convocatorias/922991";"No consta un plazo futuro ni una ventanilla indefinida verificable.";"auditoria_2026-08-06"
"350";"baja";"pendiente";"";"";"919243";"Convenio 2026 - Asoc. para la Lucha contra las Enfermedades del Riñón (ALCER-Toledo) para el desarrollo del proyecto Salud Renal: Atención Integral y Comunidad Renal Activa para el año 2026.";"active_status_unverified";"Confirmar plazo futuro o evidencia expresa de ventanilla abierta; si no existe, rechazar.";"";"";"https://www.pap.hacienda.gob.es/bdnstrans/GE/es/convocatorias/919243";"No consta un plazo futuro ni una ventanilla indefinida verificable.";"auditoria_2026-08-06"
"351";"baja";"pendiente";"";"";"919246";"Convenio 2026 - Ayto de Madridejos para la organización y desarrollo de la adaptación de la obra El pleito que puso al diablo el cura de Madridejos y Ruta del Cura Exorcista de Madridejos.";"active_status_unverified";"Confirmar plazo futuro o evidencia expresa de ventanilla abierta; si no existe, rechazar.";"";"";"https://www.pap.hacienda.gob.es/bdnstrans/GE/es/convocatorias/919246";"No consta un plazo futuro ni una ventanilla indefinida verificable.";"auditoria_2026-08-06"
"352";"baja";"pendiente";"";"";"920277";"Convenio con el Arquebisbat de Barcelona para garantizar el derecho al desarrollo espiritual y la asistencia religiosa católica de las personas internas en los centros penitenciarios de Catalunya en el marco de su rehabilitación en el año 2026";"active_status_unverified";"Confirmar plazo futuro o evidencia expresa de ventanilla abierta; si no existe, rechazar.";"";"";"https://www.pap.hacienda.gob.es/bdnstrans/GE/es/convocatorias/920277";"No consta un plazo futuro ni una ventanilla indefinida verificable.";"auditoria_2026-08-06"
"353";"baja";"pendiente";"";"";"921357";"CONVENIO CON LA ASOCIACION KANBAHIOTA TRUP PARA EL DESARROLLO DEL PROYECTO DE ACTIVIDADES CIRCENSES “ARRIBAS CIRCO” 2026-2029";"active_status_unverified";"Confirmar plazo futuro o evidencia expresa de ventanilla abierta; si no existe, rechazar.";"";"";"https://www.pap.hacienda.gob.es/bdnstrans/GE/es/convocatorias/921357";"No consta un plazo futuro ni una ventanilla indefinida verificable.";"auditoria_2026-08-06"
"354";"baja";"pendiente";"";"";"920778";"Convenio con la Fed. Consejo Islámico de Catalunya para garantizar el derecho al desarrollo espiritual y la asistencia religiosa de las personas internas en los centros penitenciarios de Catalunya en el marco de su rehabilitación en el año 2026";"active_status_unverified";"Confirmar plazo futuro o evidencia expresa de ventanilla abierta; si no existe, rechazar.";"";"";"https://www.pap.hacienda.gob.es/bdnstrans/GE/es/convocatorias/920778";"No consta un plazo futuro ni una ventanilla indefinida verificable.";"auditoria_2026-08-06"
"355";"baja";"pendiente";"";"";"922927";"Convenio de Colaboración con el Consejo de Hermandades y Cofradía de Semana Santa de Huelva, para el desarrollo de los actos que organiza las Hermandades que forman parte del Consejo de Hermandades y Cofradías 2026";"active_status_unverified";"Confirmar plazo futuro o evidencia expresa de ventanilla abierta; si no existe, rechazar.";"";"";"https://www.pap.hacienda.gob.es/bdnstrans/GE/es/convocatorias/922927";"No consta un plazo futuro ni una ventanilla indefinida verificable.";"auditoria_2026-08-06"
"356";"baja";"pendiente";"";"";"920526";"Convenio de colaboración con la Asociación Nuevos Horizontes para el desarrollo de un Proyecto de actividades mediante la realización de Talleres de Integración Social 2026";"active_status_unverified";"Confirmar plazo futuro o evidencia expresa de ventanilla abierta; si no existe, rechazar.";"";"";"https://www.pap.hacienda.gob.es/bdnstrans/GE/es/convocatorias/920526";"No consta un plazo futuro ni una ventanilla indefinida verificable.";"auditoria_2026-08-06"
"357";"baja";"pendiente";"";"";"919829";"Convenio de Colaboración entre el Ayuntamiento de Puerto Real y la Agencia Internacional New Project para el Desarrollo del Programa de Inclusión y Garantía Alimentaria ""GARUM"".";"active_status_unverified";"Confirmar plazo futuro o evidencia expresa de ventanilla abierta; si no existe, rechazar.";"";"";"https://www.pap.hacienda.gob.es/bdnstrans/GE/es/convocatorias/919829";"No consta un plazo futuro ni una ventanilla indefinida verificable.";"auditoria_2026-08-06"
"358";"baja";"pendiente";"";"";"921166";"CONVENIO DE COLABORACIÓN ENTRE LA AGENCIA DE LA VIVIENDA DE CATALUÑA Y EL AYUNTAMIENTO DE CONSTANTÍ, RELATIVO AL DESARROLLO DEL PROYECTO DE SERVICIO DE APOYO A LAS COMUNIDADES DE VECINOS Y VECINAS Y PROMOCIÓN DE LA CONVIVENCIA DEL BARRIO DE CENTCELLES DE";"active_status_unverified";"Confirmar plazo futuro o evidencia expresa de ventanilla abierta; si no existe, rechazar.";"";"";"https://www.pap.hacienda.gob.es/bdnstrans/GE/es/convocatorias/921166";"No consta un plazo futuro ni una ventanilla indefinida verificable.";"auditoria_2026-08-06"
"359";"baja";"pendiente";"";"";"889246";"CONVENIO DE COLABORACIÓN ENTRE LA GENERALITAT, A TRAVÉS DE LA CONSELLERIA DE HACIENDA Y ECONOMÍA, Y EL COLEGIO OFICIAL DE INGENIERÍA INFORMÁTICA DE LA COMUNITAT VALENCIANA (COIICV), PARA LA DIVULGACIÓN TECNOLÓGICA Y LA PROMOCIÓN DEL TEJIDO PRODUCTIVO TIC.";"active_status_unverified";"Confirmar plazo futuro o evidencia expresa de ventanilla abierta; si no existe, rechazar.";"";"";"https://sede.gva.es";"No consta un plazo futuro ni una ventanilla indefinida verificable.";"auditoria_2026-08-06"
"360";"baja";"pendiente";"";"";"889244";"CONVENIO DE COLABORACIÓN ENTRE LA GENERALITAT, A TRAVÉS DE LA CONSELLERIA DE HACIENDA Y ECONOMÍA, Y LA ASOCIACIÓN VALENCIANA DE INGENIEROS DE TELECOMUNICACIÓN (AVIT) PARA LA DIVULGACIÓN TECNOLÓGICA Y LA PROMOCIÓN DEL TEJIDO PRODUCTIVO TIC.";"active_status_unverified";"Confirmar plazo futuro o evidencia expresa de ventanilla abierta; si no existe, rechazar.";"";"";"https://sede.gva.es";"No consta un plazo futuro ni una ventanilla indefinida verificable.";"auditoria_2026-08-06"
"361";"baja";"pendiente";"";"";"889245";"CONVENIO DE COLABORACIÓN ENTRE LA GENERALITAT, A TRAVÉS DE LA CONSELLERIA DE HACIENDA Y ECONOMÍA, Y LA ASOCIACIÓN VALENCIANA DE INGENIEROS TÉCNICOS DE TELECOMUNICACIÓN (AVITT) PARA LA DIVULGACIÓN TECNOLÓGICA Y LA PROMOCIÓN DEL TEJIDO PRODUCTIVO TIC.";"active_status_unverified";"Confirmar plazo futuro o evidencia expresa de ventanilla abierta; si no existe, rechazar.";"";"";"https://sede.gva.es";"No consta un plazo futuro ni una ventanilla indefinida verificable.";"auditoria_2026-08-06"
"362";"baja";"pendiente";"";"";"923581";"CONVENIO DE JULIO 2026 A JUNIO 2027 CON LA ENTIDAD ""PUBLICA DE DESARROLLO MUNICIPAL MP, S.A."" PARA SUFRAGAR GASTOS FINANCIEROS DEL PRÉSTAMO FINCA SANTA BÁRBARA. CONVENIO 29/07/2026";"active_status_unverified";"Confirmar plazo futuro o evidencia expresa de ventanilla abierta; si no existe, rechazar.";"";"";"https://www.pap.hacienda.gob.es/bdnstrans/GE/es/convocatorias/923581";"No consta un plazo futuro ni una ventanilla indefinida verificable.";"auditoria_2026-08-06"
"363";"baja";"pendiente";"";"";"923432";"CONVENIO DE SUBVENCIÓN NOMINATIVA ENTRE EL AYUNTAMIENTO DE LAS PALMAS DE GRAN CANARIA Y LA FAT DESTINADO A SUFRAGAR GASTOS GENERALES DEL PROYECTO DE FUNCIONAMIENTO Y DESARROLLO DE LA PROGRAMACIÓN CULTURAL DURANTE EL AÑO 2026.";"active_status_unverified";"Confirmar plazo futuro o evidencia expresa de ventanilla abierta; si no existe, rechazar.";"";"2026-05-15";"Sede electrónica del Ayuntamiento de Las Palmas de Gran Canaria";"No consta un plazo futuro ni una ventanilla indefinida verificable.";"auditoria_2026-08-06"
"364";"baja";"pendiente";"";"";"922964";"CONVENIO ENTRE EL AYUNTAMIENTO DE CÁDIZ Y LA UNIVERSIDAD DE CÁDIZ PARA EL DESARROLLO DEL X INTERNACIONAL SYMPOSIUM ON MARINE SCIENCIES (ISMS2026)";"active_status_unverified";"Confirmar plazo futuro o evidencia expresa de ventanilla abierta; si no existe, rechazar.";"";"";"https://www.pap.hacienda.gob.es/bdnstrans/GE/es/convocatorias/922964";"No consta un plazo futuro ni una ventanilla indefinida verificable.";"auditoria_2026-08-06"
"365";"baja";"pendiente";"";"";"920159";"CONVENIO ESPECÍFICO EN DESARROLLO DEL ACUERDO MARCO DE CONCERTACIÓN SOCIAL ENTRE LA DIPUTACIÓN DE SEVILLA Y COMISIONES OBRERAS";"active_status_unverified";"Confirmar plazo futuro o evidencia expresa de ventanilla abierta; si no existe, rechazar.";"";"";"https://www.pap.hacienda.gob.es/bdnstrans/GE/es/convocatorias/920159";"No consta un plazo futuro ni una ventanilla indefinida verificable.";"auditoria_2026-08-06"
"366";"baja";"pendiente";"";"";"920154";"CONVENIO ESPECÍFICO EN DESARROLLO DEL ACUERDO MARCO DE CONCERTACIÓN SOCIAL ENTRE LA DIPUTACIÓN DE SEVILLA Y LA UNIÓN GENERAL DE TRABAJADORES";"active_status_unverified";"Confirmar plazo futuro o evidencia expresa de ventanilla abierta; si no existe, rechazar.";"";"";"https://www.pap.hacienda.gob.es/bdnstrans/GE/es/convocatorias/920154";"No consta un plazo futuro ni una ventanilla indefinida verificable.";"auditoria_2026-08-06"
"367";"baja";"pendiente";"";"";"913214";"CONVENIO SUBVENCIÓN NOMINATIVA ECONOMÍA SOCIAL 2026";"active_status_unverified";"Confirmar plazo futuro o evidencia expresa de ventanilla abierta; si no existe, rechazar.";"";"";"https://sede.madrid.es/portal/site/tramites/menuitem.c61bb691882ed9d32e202e2084f1a5a0/?vgnextoid=5a9d5d53be9a0210VgnVCM100000171f5a0aRCRD&vgnextchannel=5a9d5d53be9a0210VgnVCM100000171f5a0aRCRD&vgnextfmt=default";"No consta un plazo futuro ni una ventanilla indefinida verificable.";"auditoria_2026-08-06"
"368";"baja";"pendiente";"";"";"923570";"CONVOCATORIA 2026 PARA LA CONCESIÓN DE SUBVENCIONES A PROYECTOS DE COOPERACIÓN AL DESARROLLO DE PAÍSES EMPOBRECIDOS.";"active_status_unverified";"Confirmar plazo futuro o evidencia expresa de ventanilla abierta; si no existe, rechazar.";"";"";"https://www.pap.hacienda.gob.es/bdnstrans/GE/es/convocatorias/923570";"No consta un plazo futuro ni una ventanilla indefinida verificable.";"auditoria_2026-08-06"
"369";"baja";"pendiente";"";"";"921448";"CONVOCATORIA AYUDAS A LA COMPRA DE SEMILLA CERTIFICADA PARA LA PRODUCCIÓN DE PATATA DE CONSUMO EN VALDERREDIBLE EN 2026.";"active_status_unverified";"Confirmar plazo futuro o evidencia expresa de ventanilla abierta; si no existe, rechazar.";"";"";"https://www.pap.hacienda.gob.es/bdnstrans/GE/es/convocatorias/921448";"No consta un plazo futuro ni una ventanilla indefinida verificable.";"auditoria_2026-08-06"
"370";"baja";"pendiente";"";"";"922350";"Convocatoria de la Subvención en régimen de concurrencia competitiva de la Concejalía de Participación Ciudadana del Ayuntamiento de Puerto del Rosario a las entidades sin ánimo de lucro capitalinas que desarrollen proyectos de participación ciudadana";"active_status_unverified";"Confirmar plazo futuro o evidencia expresa de ventanilla abierta; si no existe, rechazar.";"";"";"https://sede.puertodelrosario.org";"No consta un plazo futuro ni una ventanilla indefinida verificable.";"auditoria_2026-08-06"
"371";"baja";"pendiente";"";"";"910989";"CONVOCATORIA DE SUBVENCIONES A AYUNTAMIENTOS DE LA PROVINCIA DE PALENCIA PARA DIGITALIZACIÓN TURÍSTICA";"active_status_unverified";"Confirmar plazo futuro o evidencia expresa de ventanilla abierta; si no existe, rechazar.";"";"";"https://sede.diputaciondepalencia.es/";"No consta un plazo futuro ni una ventanilla indefinida verificable.";"auditoria_2026-08-06"
"372";"baja";"pendiente";"";"";"921214";"Convocatoria de subvenciones a clubes y/o entidades deportivas u otras entidades privadas sin ánimo de lucro de Andoain para el desarrollo de sus actividades anuales extraordinarias para el ejercicio 2026.";"active_status_unverified";"Confirmar plazo futuro o evidencia expresa de ventanilla abierta; si no existe, rechazar.";"";"";"www.andoain.eus";"No consta un plazo futuro ni una ventanilla indefinida verificable.";"auditoria_2026-08-06"
"373";"baja";"pendiente";"";"";"921118";"Convocatoria de subvenciones a clubes y/o entidades deportivas u otras entidades privadas sin ánimo de lucro de Andoain para el desarrollo de sus actividades anuales ordinarias para el ejercicio 2026";"active_status_unverified";"Confirmar plazo futuro o evidencia expresa de ventanilla abierta; si no existe, rechazar.";"";"";"www.andoain.eus";"No consta un plazo futuro ni una ventanilla indefinida verificable.";"auditoria_2026-08-06"
"374";"baja";"pendiente";"";"";"919911";"CONVOCATORIA DE SUBVENCIONES DE CONCURRENCIA COMPETITIVA PARA APOYAR PROYECTOS DE LAS ENTIDADES SIN ÁNIMO DE LUCRO QUE DESARROLLEN ACTUACIONES DESTINADAS A CUMPLIR CON LOS OBJETIVOS DE LA RESERVA DE LA BIOSFERA DE LANZAROTE.";"active_status_unverified";"Confirmar plazo futuro o evidencia expresa de ventanilla abierta; si no existe, rechazar.";"";"";"https://www.pap.hacienda.gob.es/bdnstrans/GE/es/convocatorias/919911";"No consta un plazo futuro ni una ventanilla indefinida verificable.";"auditoria_2026-08-06"
"375";"baja";"pendiente";"";"";"919433";"Convocatoria de subvenciones de Cooperación al Desarrollo, anualidad 2026.";"active_status_unverified";"Confirmar plazo futuro o evidencia expresa de ventanilla abierta; si no existe, rechazar.";"";"";"https://diputacionalicante.sedelectronica.es/";"No consta un plazo futuro ni una ventanilla indefinida verificable.";"auditoria_2026-08-06"
"376";"baja";"pendiente";"";"";"920726";"Convocatoria de subvenciones dirigida a ayuntamientos, mancomunidades y entidades locales menores de Mallorca para actuaciones de administración electrónica, digitalización y ciber-seguridad.";"active_status_unverified";"Confirmar plazo futuro o evidencia expresa de ventanilla abierta; si no existe, rechazar.";"";"";"https://www.pap.hacienda.gob.es/bdnstrans/GE/es/convocatorias/920726";"No consta un plazo futuro ni una ventanilla indefinida verificable.";"auditoria_2026-08-06"
"377";"baja";"pendiente";"";"";"920632";"CONVOCATORIA DE SUBVENCIONES, EN RÉGIMEN DE CONCURRENCIA COMPETITIVA, DESTINADAS A LA REALIZACIÓN DE PROYECTOS DE COOPERACIÓN DE DESARROLLO LOCAL CON ENTIDADES LOCALES DEL SUR, AÑO 2026";"active_status_unverified";"Confirmar plazo futuro o evidencia expresa de ventanilla abierta; si no existe, rechazar.";"";"";"https://sedeelectronica.pamplona.es";"No consta un plazo futuro ni una ventanilla indefinida verificable.";"auditoria_2026-08-06"
"378";"baja";"pendiente";"";"";"922200";"CONVOCATORIA DE UNA BECA DE FORMACIÓN PRÁCTICA PARA TITULADOS UNIVERSITARIOS EN DERECHO EN LA SECRETARÍA GENERAL DE LA CONSEJERÍA DE DESARROLLO RURAL, GANADERÍA, PESCA, Y ALIMENTACIÓN.";"active_status_unverified";"Confirmar plazo futuro o evidencia expresa de ventanilla abierta; si no existe, rechazar.";"";"";"https://www.pap.hacienda.gob.es/bdnstrans/GE/es/convocatorias/922200";"No consta un plazo futuro ni una ventanilla indefinida verificable.";"auditoria_2026-08-06"
"379";"baja";"pendiente";"";"";"895135";"CONVOCATORIA INSTRUMENTAL. RESOLUCION DE PRESIDENCIA Nº141 DE 24/3/26 DE IPRODECO SUBVENCION A FEDACO PARA GASTOS CORRIENTES DEL PROYECTO ""ELABORACION DE MAPAS DE CALOR SECTORIALES""";"active_status_unverified";"Confirmar plazo futuro o evidencia expresa de ventanilla abierta; si no existe, rechazar.";"";"";"https://www.pap.hacienda.gob.es/bdnstrans/GE/es/convocatorias/895135";"No consta un plazo futuro ni una ventanilla indefinida verificable.";"auditoria_2026-08-06"
"380";"baja";"pendiente";"";"";"920301";"CONVOCATORIA PARA 2027 LAS AYUDAS A LA TRANSFORMACIÓN Y COMERCIALIZACIÓN DE PRODUCTOS DE LA PESCA Y DE LA ACUICULTURA COFINANCIADAS POR EL FONDO EUROPEO MARÍTIMO, DE PESCA Y DE ACUICULTURA (FEMPA).";"active_status_unverified";"Confirmar plazo futuro o evidencia expresa de ventanilla abierta; si no existe, rechazar.";"";"";"https://www.pap.hacienda.gob.es/bdnstrans/GE/es/convocatorias/920301";"No consta un plazo futuro ni una ventanilla indefinida verificable.";"auditoria_2026-08-06"
"381";"baja";"pendiente";"";"";"923508";"CONVOCATORIA PARA LA CONCESIÓN DE SUBVENCIONES A LAS ASOCIACIONES DEL MUNICIPIO De ONTINYENT QUE DESARROLLAN PROYECTOS PARA PROMOVER LA IGUALDAD ENTRE MUJERES Y HOMBRES Y/O PREVENIR Y ERRADICAR TODO TIPOS DE VIOLENCIA DE GÉNERO. AÑO 2026";"active_status_unverified";"Confirmar plazo futuro o evidencia expresa de ventanilla abierta; si no existe, rechazar.";"";"";"https://www.pap.hacienda.gob.es/bdnstrans/GE/es/convocatorias/923508";"No consta un plazo futuro ni una ventanilla indefinida verificable.";"auditoria_2026-08-06"
"382";"baja";"pendiente";"";"";"920857";"CONVOCATORIA PARA LA CONCESIÓN DE SUBVENCIONES PARA ACTIVIDADES DE FOMENTO Y DESARROLLO DE LA ACTIVIDAD ECONÓMICA EN EL AÑO 2026";"active_status_unverified";"Confirmar plazo futuro o evidencia expresa de ventanilla abierta; si no existe, rechazar.";"";"";"https://binefar.sedipualba.es/";"No consta un plazo futuro ni una ventanilla indefinida verificable.";"auditoria_2026-08-06"
"383";"baja";"pendiente";"";"";"919049";"Convocatoria para la concesión de subvenciones para el desarrollo de programaciones anuales de las entidades de la Comarca de Campo de Daroca durante el ejercicio 2026";"active_status_unverified";"Confirmar plazo futuro o evidencia expresa de ventanilla abierta; si no existe, rechazar.";"";"";"https://campodedaroca.sedelectronica.es/transparency/f57d2fdd-528e-4c3f-88c5-0fd93c012638/";"No consta un plazo futuro ni una ventanilla indefinida verificable.";"auditoria_2026-08-06"
"384";"baja";"pendiente";"";"";"889451";"Convocatoria para la concesión de subvenciones para fomentar el conocimiento de la economía social, fomentando el asociacionismo.";"active_status_unverified";"Confirmar plazo futuro o evidencia expresa de ventanilla abierta; si no existe, rechazar.";"";"";"https://www.pap.hacienda.gob.es/bdnstrans/GE/es/convocatorias/889451";"No consta un plazo futuro ni una ventanilla indefinida verificable.";"auditoria_2026-08-06"
"385";"baja";"pendiente";"";"";"920888";"CONVOCATORIA PÚBLICA DE SUBVENCIONES A ASOCIACIONES Y ENTIDADES SIN ÁNIMO DE LUCRO PARA EL DESARROLLO DE PROYECTOS DE ACTUACIÓN EN EL ÁMBITO DE LA MIGRACIÓN, ACOGIDA Y COHESIÓN SOCIAL EN LA CIUDAD DE ALICANTE, PARA EL AÑO 2026.";"active_status_unverified";"Confirmar plazo futuro o evidencia expresa de ventanilla abierta; si no existe, rechazar.";"";"";"https://www.pap.hacienda.gob.es/bdnstrans/GE/es/convocatorias/920888";"No consta un plazo futuro ni una ventanilla indefinida verificable.";"auditoria_2026-08-06"
"386";"baja";"pendiente";"";"";"920514";"CONVOCATORIA PÚBLICA DE SUBVENCIONES A ENTIDADES SIN ÁNIMO DE LUCRO QUE DESARROLLEN PROYECTOS DE VOLUNTARIADO EN LA CIUDAD DE ALICANTE, AÑO 2026.";"active_status_unverified";"Confirmar plazo futuro o evidencia expresa de ventanilla abierta; si no existe, rechazar.";"";"";"https://www.pap.hacienda.gob.es/bdnstrans/GE/es/convocatorias/920514";"No consta un plazo futuro ni una ventanilla indefinida verificable.";"auditoria_2026-08-06"
"387";"baja";"pendiente";"";"";"890116";"DECRETO DE CONCESIÓN DIRECTA A PROFOMUR PARA ACTUACIONES DE BIOECONOMÍA A DESARROLLAR EN MUNICIPIOS Y ZONAS RURALES CON ESPECIALES DIFICULTADES DEMOGRÁFICAS Y QUE PERMITAN INCENTIVAR SU DESARROLLO ECONÓMICO Y SOCIAL EN EL MARCO DEL PRTR C4.I4";"active_status_unverified";"Confirmar plazo futuro o evidencia expresa de ventanilla abierta; si no existe, rechazar.";"";"";"https://www.pap.hacienda.gob.es/bdnstrans/GE/es/convocatorias/890116";"No consta un plazo futuro ni una ventanilla indefinida verificable.";"auditoria_2026-08-06"
"388";"baja";"pendiente";"";"";"920165";"DECRETO FORAL 00148/2026, de 17 de julio, de la Diputada General por el que se concede una subvención directa a la Asociación Deportiva Cultural Sail In Festival para el desarrollo de las actuaciones necesarias para la realización del evento Sail Inn Pro";"active_status_unverified";"Confirmar plazo futuro o evidencia expresa de ventanilla abierta; si no existe, rechazar.";"";"";"https://www.ebizkaia.eus/es/catalogo-de-tramites-y-servicios";"No consta un plazo futuro ni una ventanilla indefinida verificable.";"auditoria_2026-08-06"
"389";"baja";"pendiente";"";"";"919766";"DECRETO FORAL de la Diputada General por el que se concede una subvención directa a la entidad Fundación Unicef-Comité español para el desarrollo y ejecución del proyecto Emergencia en Venezuela- Respuesta al terremoto";"active_status_unverified";"Confirmar plazo futuro o evidencia expresa de ventanilla abierta; si no existe, rechazar.";"";"";"https://www.ebizkaia.eus/es/catalogo-de-tramites-y-servicios";"No consta un plazo futuro ni una ventanilla indefinida verificable.";"auditoria_2026-08-06"
"390";"baja";"pendiente";"";"";"919620";"DECRETO FORAL de la Diputada General, por el que se concede una subvención directa nominativa a la ASOCIACIÓN PERTSONALDE PARA LA ACOGIDA, LA INTEGRACIÓN SOCIAL Y LA COOPERACIÓN AL DESARROLLO";"active_status_unverified";"Confirmar plazo futuro o evidencia expresa de ventanilla abierta; si no existe, rechazar.";"";"";"https://www.ebizkaia.eus/es/catalogo-de-tramites-y-servicios";"No consta un plazo futuro ni una ventanilla indefinida verificable.";"auditoria_2026-08-06"
"391";"baja";"pendiente";"";"";"920908";"DECRETO FORAL de la Diputada General, por el que se concede una subvención directa nominativa a la entidad Cruz Roja Española para el desarrollo y ejecución del programa Goihabe de atención a personas refugiadas";"active_status_unverified";"Confirmar plazo futuro o evidencia expresa de ventanilla abierta; si no existe, rechazar.";"";"";"https://www.ebizkaia.eus/es/catalogo-de-tramites-y-servicios";"No consta un plazo futuro ni una ventanilla indefinida verificable.";"auditoria_2026-08-06"
"392";"baja";"pendiente";"";"";"917942";"Decreto número 18270/2026, del 1 de junio, por el que se aprueba el convenio de colaboración entre Ayuntamiento de Terrassa y La Cambra Oficial de Comerç, Indústria i Serveis de Terrassa. Comerç, Indústria i Serveis de Terrassa";"active_status_unverified";"Confirmar plazo futuro o evidencia expresa de ventanilla abierta; si no existe, rechazar.";"";"";"https://www.pap.hacienda.gob.es/bdnstrans/GE/es/convocatorias/917942";"No consta un plazo futuro ni una ventanilla indefinida verificable.";"auditoria_2026-08-06"
"393";"baja";"pendiente";"";"";"921044";"Decreto por el que se regula la concesión directa de subvenciones en el marco del Programa Investigo, cofinanciadas por el Fondo Social Europeo Plus.";"active_status_unverified";"Confirmar plazo futuro o evidencia expresa de ventanilla abierta; si no existe, rechazar.";"";"";"www.jccm.es";"No consta un plazo futuro ni una ventanilla indefinida verificable.";"auditoria_2026-08-06"
"394";"baja";"pendiente";"";"";"920429";"Extracto concesión de subvenciones para el fomento y apoyo de actividades e iniciativas para el desarrollo de festejos en los núcleos rurales del concejo de Parres. Ejercicio 2026.";"active_status_unverified";"Confirmar plazo futuro o evidencia expresa de ventanilla abierta; si no existe, rechazar.";"";"";"https://www.pap.hacienda.gob.es/bdnstrans/GE/es/convocatorias/920429";"No consta un plazo futuro ni una ventanilla indefinida verificable.";"auditoria_2026-08-06"
"395";"baja";"pendiente";"";"";"921109";"JG DE 14/07/2026 QUE APRUEBA EL CONVENIO CON LA AGRUPACIÓN DE PRODUCTORES DE VINO CON LA DENOMINACIÓN DE ORIGEN MONDÉJAR, PARA EL DESARROLLO DE DIFERENTES ACCIONES E INICIATIVAS DE PROMOCIÓN DE LA DENOMINACIÓN DE ORIGEN VINO DE MONDÉJAR, AÑO 2026.";"active_status_unverified";"Confirmar plazo futuro o evidencia expresa de ventanilla abierta; si no existe, rechazar.";"";"";"https://www.pap.hacienda.gob.es/bdnstrans/GE/es/convocatorias/921109";"No consta un plazo futuro ni una ventanilla indefinida verificable.";"auditoria_2026-08-06"
"396";"baja";"pendiente";"";"";"920464";"JG DE 14/07/2026 QUE APRUEBA LA CONVOCATORIA DE SUBVENCIONES DESTINADAS A LA FINANCIACIÓN DE GASTOS DE FUNCIONAMIENTO Y ANIMACIÓN DE LOS GRUPOS DE DESARROLLO RURAL DE LA PROVINCIA DE GUADALAJARA, EJERCICIO 2026";"active_status_unverified";"Confirmar plazo futuro o evidencia expresa de ventanilla abierta; si no existe, rechazar.";"";"";"https://www.pap.hacienda.gob.es/bdnstrans/GE/es/convocatorias/920464";"No consta un plazo futuro ni una ventanilla indefinida verificable.";"auditoria_2026-08-06"
"397";"baja";"pendiente";"";"";"916181";"ORDEN Consejera Economía, Competitividad y Empleo, por la que se aprueba para 2026, convocatoria subvenciones para el desarrollo de un Plan Wave Plus destinado a personas trabajadoras prioritariamente ocupadas de Aragón";"active_status_unverified";"Confirmar plazo futuro o evidencia expresa de ventanilla abierta; si no existe, rechazar.";"";"";"https://www.pap.hacienda.gob.es/bdnstrans/GE/es/convocatorias/916181";"No consta un plazo futuro ni una ventanilla indefinida verificable.";"auditoria_2026-08-06"
"398";"baja";"pendiente";"";"";"920087";"ORDEN DBF/ /2026, de……..de julio, por la que se convocan subvenciones para el año 2026, para el desarrollo del servicio de “Casas de Infancia en el Medio Rural Aragonés”, como servicio de conciliación y cuidado de niños y niñas de 0 a 3 años.";"active_status_unverified";"Confirmar plazo futuro o evidencia expresa de ventanilla abierta; si no existe, rechazar.";"";"";"https://www.aragon.es/tramites  procedimiento 11650";"No consta un plazo futuro ni una ventanilla indefinida verificable.";"auditoria_2026-08-06"
"399";"baja";"pendiente";"";"";"922164";"Orden de 28 de julio de 2026, por la que se convocan las ayudas a la mejora de la comercialización mediante campañas de promoción de los productos pesqueros y acuícolas";"active_status_unverified";"Confirmar plazo futuro o evidencia expresa de ventanilla abierta; si no existe, rechazar.";"";"";"https://www.pap.hacienda.gob.es/bdnstrans/GE/es/convocatorias/922164";"No consta un plazo futuro ni una ventanilla indefinida verificable.";"auditoria_2026-08-06"
"400";"baja";"pendiente";"";"";"923174";"ORDEN FORAL de la Diputada Foral de Empleo, Cohesión Social e Igualdad, por la que se concede a la FUNDACIÓN BILBAO BASKET una subvención directa para el desarrollo del proyecto ""BizkaiLAB 2026";"active_status_unverified";"Confirmar plazo futuro o evidencia expresa de ventanilla abierta; si no existe, rechazar.";"";"";"https://www.ebizkaia.eus/es/catalogo-de-tramites-y-servicios";"No consta un plazo futuro ni una ventanilla indefinida verificable.";"auditoria_2026-08-06"
"401";"baja";"pendiente";"";"";"922309";"ORDEN FORAL de la Diputada Foral de Empleo, Cohesión Social e Igualdad, por la que se concede una subvención directa nominativa a la entidad Fundación Social Ignacio Ellacuría para el desarrollo y ejecución del programa Goihabe de atención a personas refu";"active_status_unverified";"Confirmar plazo futuro o evidencia expresa de ventanilla abierta; si no existe, rechazar.";"";"";"https://www.ebizkaia.eus/es/catalogo-de-tramites-y-servicios";"No consta un plazo futuro ni una ventanilla indefinida verificable.";"auditoria_2026-08-06"
"402";"baja";"pendiente";"";"";"896996";"Orden IND/14/2026, de 31 de marzo, por la que se aprueba la convocatoria para el año 2026 de subvenciones destinadas al fomento y la difusión de la economía social y del trabajo autónomo y al apoyo a las entidades representativas de la economía social.";"active_status_unverified";"Confirmar plazo futuro o evidencia expresa de ventanilla abierta; si no existe, rechazar.";"";"";"https://sede.cantabira.es";"No consta un plazo futuro ni una ventanilla indefinida verificable.";"auditoria_2026-08-06"
"403";"baja";"pendiente";"";"";"923242";"Orden IND/38/2026, de 31 de julio, por la que se aprueba la convocatoria de una beca de formación práctica dirigida a postgraduados en la Dirección General de Comercio y Consumo.";"active_status_unverified";"Confirmar plazo futuro o evidencia expresa de ventanilla abierta; si no existe, rechazar.";"";"";"https://www.pap.hacienda.gob.es/bdnstrans/GE/es/convocatorias/923242";"No consta un plazo futuro ni una ventanilla indefinida verificable.";"auditoria_2026-08-06"
"404";"baja";"pendiente";"";"";"898445";"ORDEN PEJ/ /2026, de 29 de abril, por la que se convocan ayudas con destino a la inversión y mejora, así como a la digitalización del pequeño comercio.";"active_status_unverified";"Confirmar plazo futuro o evidencia expresa de ventanilla abierta; si no existe, rechazar.";"";"";": https://www.aragon.es/tramitador/-/tramite/ayudas-empresas-impulso-competitividad-comercio/convocatoria-2026";"No consta un plazo futuro ni una ventanilla indefinida verificable.";"auditoria_2026-08-06"
"405";"baja";"pendiente";"";"";"922783";"Orden por la que se efectúa la convocatoria correspondiente al año 2026 de la Línea 1 del Programa Auto+";"active_status_unverified";"Confirmar plazo futuro o evidencia expresa de ventanilla abierta; si no existe, rechazar.";"";"";"https://www.mintur.gob.es/portalayudas/Paginas/convocatorias-ayudas.aspx";"No consta un plazo futuro ni una ventanilla indefinida verificable.";"auditoria_2026-08-06"
"406";"baja";"pendiente";"";"";"910968";"Proyectos transversales de economía social y solidaria y e cooperativismo en Cataluña 2026";"active_status_unverified";"Confirmar plazo futuro o evidencia expresa de ventanilla abierta; si no existe, rechazar.";"";"";"https://www.pap.hacienda.gob.es/bdnstrans/GE/es/convocatorias/910968";"No consta un plazo futuro ni una ventanilla indefinida verificable.";"auditoria_2026-08-06"
"407";"baja";"pendiente";"";"";"921360";"Regular la aportación financiera de la Dirección General de Desarrollo Rural del Gobierno de Navarra, a la asociación Euskal Herriko Laborantza Ganbara para el apoyo y mejora de acciones del programa Lurberri";"active_status_unverified";"Confirmar plazo futuro o evidencia expresa de ventanilla abierta; si no existe, rechazar.";"";"";"https://www.pap.hacienda.gob.es/bdnstrans/GE/es/convocatorias/921360";"No consta un plazo futuro ni una ventanilla indefinida verificable.";"auditoria_2026-08-06"
"408";"baja";"pendiente";"";"";"919992";"Res. C. Justicia, Transparencia y Participación que aprueba bases reguladoras subvenciones universidades CV para actuaciones fomento autogobierno, desarrollo Estatuto Aut., Dcho. Foral Civil y señas identidad Pueblo Val., y la convocatoria para 2026.";"active_status_unverified";"Confirmar plazo futuro o evidencia expresa de ventanilla abierta; si no existe, rechazar.";"";"2026-07-22";"https://sede.gva.es/va/inici";"No consta un plazo futuro ni una ventanilla indefinida verificable.";"auditoria_2026-08-06"
"409";"baja";"pendiente";"";"";"900955";"Resolución de 15 de marzo de 2026 de la Secretaría de Estado de Cultura por la que se convocan las subvenciones a la digitalización y preservación del patrimonio bibliográfico y su difusión mediante repositorios, correspondiente al año 2026.";"active_status_unverified";"Confirmar plazo futuro o evidencia expresa de ventanilla abierta; si no existe, rechazar.";"";"";"https://cultura.sede.gob.es/";"No consta un plazo futuro ni una ventanilla indefinida verificable.";"auditoria_2026-08-06"
"410";"baja";"pendiente";"";"";"915702";"Resolución de 25 de junio de 2026 de la Secretaría de Estado de Economía Social, por la que se aprueba la convocatoria para la concesión de subvenciones a proyectos de economía social y de RSE y para gastos de funcionamiento";"active_status_unverified";"Confirmar plazo futuro o evidencia expresa de ventanilla abierta; si no existe, rechazar.";"";"";"https://sede.mites.gob.es/inicio/listado/materia/Subvenciones";"No consta un plazo futuro ni una ventanilla indefinida verificable.";"auditoria_2026-08-06"
"411";"baja";"pendiente";"";"";"920748";"Resolución del 8 de julio de 2026 por la que se establecen las bases reguladoras para la concesión, en régimen de concurrencia competitiva, de las ayudas para el desarrollo de proyectos audiovisuales gallegos cofinanciadas por la Unión Europea en el marco";"active_status_unverified";"Confirmar plazo futuro o evidencia expresa de ventanilla abierta; si no existe, rechazar.";"";"";"https://www.sede.xunta.gal/portada";"No consta un plazo futuro ni una ventanilla indefinida verificable.";"auditoria_2026-08-06"
"412";"baja";"pendiente";"";"";"919397";"RESOLUCIÓN por la que se abre el procedimiento de convocatoria pública para la concesión de subvenciones en centros educativos, para el desarrollo de programas de formación e inserción para el curso 2026-2027";"active_status_unverified";"Confirmar plazo futuro o evidencia expresa de ventanilla abierta; si no existe, rechazar.";"";"2026-07-18";"https://www.pap.hacienda.gob.es/bdnstrans/GE/es/convocatorias/919397";"No consta un plazo futuro ni una ventanilla indefinida verificable.";"auditoria_2026-08-06"
"413";"baja";"pendiente";"";"";"921252";"Resolución Rectoral por la que se aprueban las Bases Reguladoras y la Convocatoria de Ayudas económicas para personal investigador postdoctoral de la Universidad de Huelva, financiadas por el Banco Santander. Convocatoria 2026.";"active_status_unverified";"Confirmar plazo futuro o evidencia expresa de ventanilla abierta; si no existe, rechazar.";"";"";"https://www.santanderopenacademy.com";"No consta un plazo futuro ni una ventanilla indefinida verificable.";"auditoria_2026-08-06"
"414";"baja";"pendiente";"";"";"921481";"SUBV. A OTORGAR POR EL AYUNTAMIENTO DE TOTANA DIRIGIDA A ENT SIN ANIMO DE LUCRO, PARA EL DESARROLLO DE PROY. APOYO A FAMILIAS SOCIALMENTE VULNERABLES CON HIJOS EN EDAD ESCOLAR EN RESPUESTA A SITUACIONES DE ABSENTISMO, FRACASO Y ABANDONO ESCOLAR 2026-2027";"active_status_unverified";"Confirmar plazo futuro o evidencia expresa de ventanilla abierta; si no existe, rechazar.";"";"";"https://totana.sedelectronica.es/info.0";"No consta un plazo futuro ni una ventanilla indefinida verificable.";"auditoria_2026-08-06"
"415";"baja";"pendiente";"";"";"922999";"Subv. Directa 2026 Universidad Extremadura. Desarrollo e Impartición de Formación Universitaria de Postgrado en materia de Prevención de Riesgos Laborales";"active_status_unverified";"Confirmar plazo futuro o evidencia expresa de ventanilla abierta; si no existe, rechazar.";"";"";"https://www.pap.hacienda.gob.es/bdnstrans/GE/es/convocatorias/922999";"No consta un plazo futuro ni una ventanilla indefinida verificable.";"auditoria_2026-08-06"
"416";"baja";"pendiente";"";"";"913021";"Subvención a Consejo Regulador de la denominación de Origen Uva de Mesa Embolsada Vinalopó para digitalización, defensa de la propiedad intelectual y jornada formativa DOP";"active_status_unverified";"Confirmar plazo futuro o evidencia expresa de ventanilla abierta; si no existe, rechazar.";"";"";"https://www.pap.hacienda.gob.es/bdnstrans/GE/es/convocatorias/913021";"No consta un plazo futuro ni una ventanilla indefinida verificable.";"auditoria_2026-08-06"
"417";"baja";"pendiente";"";"";"921037";"Subvención directa 2026 a la Asociación ACCEM para financiar el desarrollo del Programa de acogida e inclusión social para personas refugiadas en situación de vulnerabilidad";"active_status_unverified";"Confirmar plazo futuro o evidencia expresa de ventanilla abierta; si no existe, rechazar.";"";"";"https://www.pap.hacienda.gob.es/bdnstrans/GE/es/convocatorias/921037";"No consta un plazo futuro ni una ventanilla indefinida verificable.";"auditoria_2026-08-06"
"418";"baja";"pendiente";"";"";"918975";"Subvención Directa 2026 a la Sociedad Extremeña de Educación Matemática Ventura Reyes Prósper para la organización y desarrollo de la XXXIV Olimpiada Matemática";"active_status_unverified";"Confirmar plazo futuro o evidencia expresa de ventanilla abierta; si no existe, rechazar.";"";"";"https://www.pap.hacienda.gob.es/bdnstrans/GE/es/convocatorias/918975";"No consta un plazo futuro ni una ventanilla indefinida verificable.";"auditoria_2026-08-06"
"419";"baja";"pendiente";"";"";"897524";"Subvención directa 2026 MRR digitalización Ayuntamiento de Zaragoza";"active_status_unverified";"Confirmar plazo futuro o evidencia expresa de ventanilla abierta; si no existe, rechazar.";"";"";"https://www.pap.hacienda.gob.es/bdnstrans/GE/es/convocatorias/897524";"No consta un plazo futuro ni una ventanilla indefinida verificable.";"auditoria_2026-08-06"
"420";"baja";"pendiente";"";"";"897521";"Subvención directa 2026 MRR digitalización Consorcio N1 Huesca";"active_status_unverified";"Confirmar plazo futuro o evidencia expresa de ventanilla abierta; si no existe, rechazar.";"";"";"https://www.pap.hacienda.gob.es/bdnstrans/GE/es/convocatorias/897521";"No consta un plazo futuro ni una ventanilla indefinida verificable.";"auditoria_2026-08-06"
"421";"baja";"pendiente";"";"";"922759";"Subvención económica nominativa a ASOCIACION DE VECINOS EL CHORRO para la colaboración en la financiación de gastos para el desarrollo de actividades de las Fiestas de El Farrobillo 2026";"active_status_unverified";"Confirmar plazo futuro o evidencia expresa de ventanilla abierta; si no existe, rechazar.";"";"";"https://www.pap.hacienda.gob.es/bdnstrans/GE/es/convocatorias/922759";"No consta un plazo futuro ni una ventanilla indefinida verificable.";"auditoria_2026-08-06"
"422";"baja";"pendiente";"";"";"923588";"Subvención económica nominativa a ASOCIACION FIESTAS DE SAN BARTOLOME DE LA CORUJERA, para desarrollo Romería de La Corujera año 2026";"active_status_unverified";"Confirmar plazo futuro o evidencia expresa de ventanilla abierta; si no existe, rechazar.";"";"";"https://www.pap.hacienda.gob.es/bdnstrans/GE/es/convocatorias/923588";"No consta un plazo futuro ni una ventanilla indefinida verificable.";"auditoria_2026-08-06"
"423";"baja";"pendiente";"";"";"922520";"Subvención nominativa a la Fundación del Gran Teatre del Liceu para el desarrollo del proyecto ""Ritmes den companyia"", durante el año 2026";"active_status_unverified";"Confirmar plazo futuro o evidencia expresa de ventanilla abierta; si no existe, rechazar.";"";"";"https://www.pap.hacienda.gob.es/bdnstrans/GE/es/convocatorias/922520";"No consta un plazo futuro ni una ventanilla indefinida verificable.";"auditoria_2026-08-06"
"424";"baja";"pendiente";"";"";"922521";"Subvención Nominativa al Consell de l'Advocacia Catalana para la financiación del desarrollo y mantenimiento del portal Compendium.cat, durante el año 2026.";"active_status_unverified";"Confirmar plazo futuro o evidencia expresa de ventanilla abierta; si no existe, rechazar.";"";"";"https://www.pap.hacienda.gob.es/bdnstrans/GE/es/convocatorias/922521";"No consta un plazo futuro ni una ventanilla indefinida verificable.";"auditoria_2026-08-06"
"425";"baja";"pendiente";"";"";"922973";"Subvenciones 2026 a centros concertados Extremadura para la adquisición de equipamiento de robótica educativa y pensamiento computacional por Resolución del 7 de julio 2026";"active_status_unverified";"Confirmar plazo futuro o evidencia expresa de ventanilla abierta; si no existe, rechazar.";"";"";"https://www.juntaex.es/w0730325";"No consta un plazo futuro ni una ventanilla indefinida verificable.";"auditoria_2026-08-06"
"426";"baja";"pendiente";"";"";"923568";"Subvenciones a Entidades Locales para el Desarrollo de Programas de Enseñanzas en el marco de la Educación para las Personas Adultas en la Comunidad Autónoma de Cantabria";"active_status_unverified";"Confirmar plazo futuro o evidencia expresa de ventanilla abierta; si no existe, rechazar.";"";"";"https://www.pap.hacienda.gob.es/bdnstrans/GE/es/convocatorias/923568";"No consta un plazo futuro ni una ventanilla indefinida verificable.";"auditoria_2026-08-06"
"427";"baja";"pendiente";"";"";"920958";"Subvenciones a proyectos de “actuaciones de apoyo al comercio rural de las Zonas Comerciales Abiertas Rurales 2026";"active_status_unverified";"Confirmar plazo futuro o evidencia expresa de ventanilla abierta; si no existe, rechazar.";"";"";"https://sede.gobiernodecanarias.org/sede/procedimientos_servicios/tramites/11022";"No consta un plazo futuro ni una ventanilla indefinida verificable.";"auditoria_2026-08-06"
"428";"baja";"pendiente";"";"";"907618";"SUBVENCIONES PARA EL DESARROLLO DE PROYECTOS DE REACTIVACIÓN DE LA ECONOMIA LOCAL DESTINADAS A MUNICIPOIOS CON POBLACIÓN INFERIOR A 20000 HABITANTES Y EELL MENORES DE LA PROVINCIA DE BADAJOZ";"active_status_unverified";"Confirmar plazo futuro o evidencia expresa de ventanilla abierta; si no existe, rechazar.";"";"";"https://www.pap.hacienda.gob.es/bdnstrans/GE/es/convocatorias/907618";"No consta un plazo futuro ni una ventanilla indefinida verificable.";"auditoria_2026-08-06"
"429";"baja";"pendiente";"";"";"920130";"Subvenciones para entidades locales para el desarrollo de programas de formación profesional básica en la modalidad de aula profesional básica en la Comunidad Autónoma de Cantabria 2026/2027";"active_status_unverified";"Confirmar plazo futuro o evidencia expresa de ventanilla abierta; si no existe, rechazar.";"";"";"https://www.pap.hacienda.gob.es/bdnstrans/GE/es/convocatorias/920130";"No consta un plazo futuro ni una ventanilla indefinida verificable.";"auditoria_2026-08-06"
"430";"baja";"pendiente";"";"";"898710";"(CHD) Cheque Digitalización (Reg. Mínimis 2023/2831)";"territorial_eligibility_unverified";"Comprobar si exige centro previo, solo localización del proyecto o permite abrir centro; si permite abrirlo, confirmar al menos 730 días de ejecución.";"2026-12-11";"";"https://www.pap.hacienda.gob.es/bdnstrans/GE/es/convocatorias/898710";"Convocatoria subnacional fuera de Aragon sin requisito territorial suficientemente claro.";"auditoria_2026-08-06"
"431";"baja";"pendiente";"";"";"898711";"(CHD) Cheque Digitalización (Reg.Minimis 717/2014)";"territorial_eligibility_unverified";"Comprobar si exige centro previo, solo localización del proyecto o permite abrir centro; si permite abrirlo, confirmar al menos 730 días de ejecución.";"2026-12-11";"";"https://www.pap.hacienda.gob.es/bdnstrans/GE/es/convocatorias/898711";"Convocatoria subnacional fuera de Aragon sin requisito territorial suficientemente claro.";"auditoria_2026-08-06"
"432";"baja";"pendiente";"";"";"921070";"ABRIR LA CONVOCATORIA PÚBLICA DE 2026 PARA LA CONCESIÓN DE LAS AYUDAS ECONÓMICAS A PROYECTOS DE SOLIDARIDAD, DE SENSIBILIZACIÓN Y DE COOPERACIÓN AL DESARROLLO, AÑO 2026.";"territorial_eligibility_unverified";"Comprobar si exige centro previo, solo localización del proyecto o permite abrir centro; si permite abrirlo, confirmar al menos 730 días de ejecución.";"2026-09-10";"2026-07-29";"https://seu.vilafranca.cat/";"Convocatoria subnacional fuera de Aragon sin requisito territorial suficientemente claro.";"auditoria_2026-08-06"
"433";"baja";"pendiente";"";"";"921365";"Acuerdo del Consejo de Administración del E.P.E. Alcalá Desarrollo del 20 de julio por el que se aprueban las Bases de La XIII Edición de los Premios ""Alcalá Emprende""";"territorial_eligibility_unverified";"Comprobar si exige centro previo, solo localización del proyecto o permite abrir centro; si permite abrirlo, confirmar al menos 730 días de ejecución.";"2026-10-15";"2026-08-01";"https://www.pap.hacienda.gob.es/bdnstrans/GE/es/convocatorias/921365";"Convocatoria subnacional fuera de Aragon sin requisito territorial suficientemente claro.";"auditoria_2026-08-06"
"434";"baja";"pendiente";"";"";"920401";"Ayudas 2026 Enfoque Leader para actuaciones en materia de formación e información.(Intervención 7119 PEPAC), s/ III Convo (PEPAC 2023-2027) G.A.L. ADESVAL";"territorial_eligibility_unverified";"Comprobar si exige centro previo, solo localización del proyecto o permite abrir centro; si permite abrirlo, confirmar al menos 730 días de ejecución.";"2026-09-17";"";"https://www.pap.hacienda.gob.es/bdnstrans/GE/es/convocatorias/920401";"Convocatoria subnacional fuera de Aragon sin requisito territorial suficientemente claro.";"auditoria_2026-08-06"
"435";"baja";"pendiente";"";"";"920765";"Ayudas destinadas a apoyar la organización de eventos de estética y peluquería en la Comunitat Valenciana";"territorial_eligibility_unverified";"Comprobar si exige centro previo, solo localización del proyecto o permite abrir centro; si permite abrirlo, confirmar al menos 730 días de ejecución.";"2026-10-26";"2026-10-01";"https://www.pap.hacienda.gob.es/bdnstrans/GE/es/convocatorias/920765";"Convocatoria subnacional fuera de Aragon sin requisito territorial suficientemente claro.";"auditoria_2026-08-06"
"436";"baja";"pendiente";"";"";"922406";"Ayudas para la obtención de certificación en Bienestar Animal 2026";"territorial_eligibility_unverified";"Comprobar si exige centro previo, solo localización del proyecto o permite abrir centro; si permite abrirlo, confirmar al menos 730 días de ejecución.";"2026-08-27";"2026-07-28";"https://www.euskadi.eus/ayuda_subvencion/2026/certificacion-en-bienestar-animal/web01-tramite/es/";"Convocatoria subnacional fuera de Aragon sin requisito territorial suficientemente claro.";"auditoria_2026-08-06"
"437";"baja";"pendiente";"";"";"922770";"Bases de la convocatoria de premios del Hackathon ""City Resilience Hack"" para la selección de soluciones innovadoras aplicables a la ciudad de València (Tallinn - 24 y 25 de septiembre de 2026)";"territorial_eligibility_unverified";"Comprobar si exige centro previo, solo localización del proyecto o permite abrir centro; si permite abrirlo, confirmar al menos 730 días de ejecución.";"2026-09-25";"";"https://valenciainnovationcapital.com/?lang=val";"Convocatoria subnacional fuera de Aragon sin requisito territorial suficientemente claro.";"auditoria_2026-08-06"
"438";"baja";"pendiente";"";"";"922778";"Bases reguladoras de la convocatoria de premios ""VLC Startup Awards 2026""";"territorial_eligibility_unverified";"Comprobar si exige centro previo, solo localización del proyecto o permite abrir centro; si permite abrirlo, confirmar al menos 730 días de ejecución.";"2026-10-25";"";"https://valenciainnovationcapital.com/?lang=val";"Convocatoria subnacional fuera de Aragon sin requisito territorial suficientemente claro.";"auditoria_2026-08-06"
"439";"baja";"pendiente";"";"";"922979";"Concurso de Artesanía 2026, premios estudiantes, según convocatoria efectuada por Resolución de 27 de julio de 2026";"territorial_eligibility_unverified";"Comprobar si exige centro previo, solo localización del proyecto o permite abrir centro; si permite abrirlo, confirmar al menos 730 días de ejecución.";"2026-09-30";"";"https://www.juntaex.es/w/0707924";"Convocatoria subnacional fuera de Aragon sin requisito territorial suficientemente claro.";"auditoria_2026-08-06"
"440";"baja";"pendiente";"";"";"920886";"Convocatoria de concesión de subvenciones del año 2026 para favorecer el autoempleo de jóvenes en el marco del Programa FSE+";"territorial_eligibility_unverified";"Comprobar si exige centro previo, solo localización del proyecto o permite abrir centro; si permite abrirlo, confirmar al menos 730 días de ejecución.";"2026-09-22";"2026-07-28";"https://www.pap.hacienda.gob.es/bdnstrans/GE/es/convocatorias/920886";"Convocatoria subnacional fuera de Aragon sin requisito territorial suficientemente claro.";"auditoria_2026-08-06"
"441";"baja";"pendiente";"";"";"920541";"Convocatoria de Subvenciones en especie, en régimen de concurrencia competitiva, destinadas a startups vinculadas al ecosistema innovador valenciano para su participación en la Startup Island de la Fundación en el evento 'Web Summit Lisboa 2026'";"territorial_eligibility_unverified";"Comprobar si exige centro previo, solo localización del proyecto o permite abrir centro; si permite abrirlo, confirmar al menos 730 días de ejecución.";"2026-09-06";"2026-07-25";"https://valenciainnovationcapital.typeform.com/Startups-WSL-26";"Convocatoria subnacional fuera de Aragon sin requisito territorial suficientemente claro.";"auditoria_2026-08-06"
"442";"baja";"pendiente";"";"";"922621";"Convocatoria de subvenciones para el desarrollo de prototipos de videojuegos";"territorial_eligibility_unverified";"Comprobar si exige centro previo, solo localización del proyecto o permite abrir centro; si permite abrirlo, confirmar al menos 730 días de ejecución.";"2026-09-22";"2026-09-02";"https://www.pap.hacienda.gob.es/bdnstrans/GE/es/convocatorias/922621";"Convocatoria subnacional fuera de Aragon sin requisito territorial suficientemente claro.";"auditoria_2026-08-06"
"443";"baja";"pendiente";"";"";"922095";"Orden de 28 de julio de 2026, Ayudas para la consolidación de las OOPP y acuícolas, y para la preparación y ejecución de los planes de producción y comercialización 2027 al amparo de la Orden de 9 de octubre de 2024, Linea 1 consolidación de OOPP";"territorial_eligibility_unverified";"Comprobar si exige centro previo, solo localización del proyecto o permite abrir centro; si permite abrirlo, confirmar al menos 730 días de ejecución.";"2026-09-30";"2026-09-15";"https://www.pap.hacienda.gob.es/bdnstrans/GE/es/convocatorias/922095";"Convocatoria subnacional fuera de Aragon sin requisito territorial suficientemente claro.";"auditoria_2026-08-06"
"444";"baja";"pendiente";"";"";"922096";"Orden de 28 de julio de 2026, Ayudas para la consolidación de las OOPP y acuícolas, y para la preparación y ejecución de los planes de producción y comercialización 2027 al amparo de la Orden de 9 de octubre de 2024, Linea 2 Planes de Prod y Comerciali.";"territorial_eligibility_unverified";"Comprobar si exige centro previo, solo localización del proyecto o permite abrir centro; si permite abrirlo, confirmar al menos 730 días de ejecución.";"2026-09-30";"2026-09-15";"https://www.pap.hacienda.gob.es/bdnstrans/GE/es/convocatorias/922096";"Convocatoria subnacional fuera de Aragon sin requisito territorial suficientemente claro.";"auditoria_2026-08-06"
"445";"baja";"pendiente";"";"";"897355";"Programa de ayudas digitalización cadena alim. y madera 2025";"territorial_eligibility_unverified";"Comprobar si exige centro previo, solo localización del proyecto o permite abrir centro; si permite abrirlo, confirmar al menos 730 días de ejecución.";"2026-12-31";"2025-09-18";"https://www.euskadi.eus/ayuda_subvencion/2025/digitalizacion-de-la-cadena-alimentaria-y-de-la-madera/web01-tramite/es/";"Convocatoria subnacional fuera de Aragon sin requisito territorial suficientemente claro.";"auditoria_2026-08-06"
"446";"baja";"pendiente";"";"";"892474";"Resolución de 10 de marzo de 2026 de la DG de Trabajo Autónomo y Economía Social, por la que se convocan, subvenciones en régimen de concurrencia competitiva, correspondientes a la línea 1. Fomento del Empleo en Cooperativas y Sociedades Lab";"territorial_eligibility_unverified";"Comprobar si exige centro previo, solo localización del proyecto o permite abrir centro; si permite abrirlo, confirmar al menos 730 días de ejecución.";"2026-08-31";"2026-03-18";"https://www.pap.hacienda.gob.es/bdnstrans/GE/es/convocatorias/892474";"Convocatoria subnacional fuera de Aragon sin requisito territorial suficientemente claro.";"auditoria_2026-08-06"
"447";"baja";"pendiente";"";"";"922528";"Resolución de 30 de julio de 2026, DGIECE, para la inserción laboral y el fomento de la contratación en el ámbito de la Comunidad Autónoma de Andalucía. Programa Emplea-T (Línea 5). MINIMI GENERAL";"territorial_eligibility_unverified";"Comprobar si exige centro previo, solo localización del proyecto o permite abrir centro; si permite abrirlo, confirmar al menos 730 días de ejecución.";"2026-11-30";"2026-08-06";"https://www.pap.hacienda.gob.es/bdnstrans/GE/es/convocatorias/922528";"Convocatoria subnacional fuera de Aragon sin requisito territorial suficientemente claro.";"auditoria_2026-08-06"
"448";"baja";"pendiente";"";"";"922529";"Resolución de 30 de julio de 2026, DGIECE, para la inserción laboral y el fomento de la contratación en el ámbito de la Comunidad Autónoma de Andalucía. Programa Emplea-T (Línea 5). MINIMIS PESCA Y ACUICULTURA.";"territorial_eligibility_unverified";"Comprobar si exige centro previo, solo localización del proyecto o permite abrir centro; si permite abrirlo, confirmar al menos 730 días de ejecución.";"2026-11-30";"2026-08-06";"https://www.pap.hacienda.gob.es/bdnstrans/GE/es/convocatorias/922529";"Convocatoria subnacional fuera de Aragon sin requisito territorial suficientemente claro.";"auditoria_2026-08-06"
"449";"baja";"pendiente";"";"";"922530";"Resolución de 30 de julio de 2026, DGIECE, para la inserción laboral y el fomento de la contratación en el ámbito de la Comunidad Autónoma de Andalucía. Programa Emplea-T (Línea 5). MINIMIS SECTOR AGRÍCOLA.";"territorial_eligibility_unverified";"Comprobar si exige centro previo, solo localización del proyecto o permite abrir centro; si permite abrirlo, confirmar al menos 730 días de ejecución.";"2026-11-30";"2026-08-06";"https://www.pap.hacienda.gob.es/bdnstrans/GE/es/convocatorias/922530";"Convocatoria subnacional fuera de Aragon sin requisito territorial suficientemente claro.";"auditoria_2026-08-06"
"450";"baja";"pendiente";"";"";"920309";"Resolución de la Dirección General de Formación Profesional para el Empleo, por la que se convocan para el año 2026 las subvenciones públicas previstas en la Orden de 13 de septiembre de 2021, por la que se regula el programa de empleo y formación en la C";"territorial_eligibility_unverified";"Comprobar si exige centro previo, solo localización del proyecto o permite abrir centro; si permite abrirlo, confirmar al menos 730 días de ejecución.";"";"2026-07-25";"https://www.pap.hacienda.gob.es/bdnstrans/GE/es/convocatorias/920309";"Convocatoria subnacional fuera de Aragon sin requisito territorial suficientemente claro.";"auditoria_2026-08-06"
"451";"baja";"pendiente";"";"";"920543";"Subvención en régimen individualizado para la eliminación de cualquier tipo de elemento constructivo, que incluya en su composición amianto, y que estén integradas en edificaciones privadas de uso no residencial en la Comunidad Foral de Navarra";"territorial_eligibility_unverified";"Comprobar si exige centro previo, solo localización del proyecto o permite abrir centro; si permite abrirlo, confirmar al menos 730 días de ejecución.";"2026-10-31";"";"www.navarra.es";"Convocatoria subnacional fuera de Aragon sin requisito territorial suficientemente claro.";"auditoria_2026-08-06"
"452";"baja";"pendiente";"";"";"920887";"Subvenciones a las entidades organizadoras de actividades feriales para mejorar la competitivdtad del sector fierial catalán 2027 (convocatoria anticipada)";"territorial_eligibility_unverified";"Comprobar si exige centro previo, solo localización del proyecto o permite abrir centro; si permite abrirlo, confirmar al menos 730 días de ejecución.";"2026-12-17";"2026-11-23";"https://www.pap.hacienda.gob.es/bdnstrans/GE/es/convocatorias/920887";"Convocatoria subnacional fuera de Aragon sin requisito territorial suficientemente claro.";"auditoria_2026-08-06"
"453";"baja";"pendiente";"";"";"923108";"Subvenciones destinadas a las acciones de acompañamiento especialitzado y de apoyo sociolaboral de los trabajadores y trabajadoras con discapacitad de los centros especiales de trabajo (Equipos multidisciplinares de soporte - EMS) para el año 2026";"territorial_eligibility_unverified";"Comprobar si exige centro previo, solo localización del proyecto o permite abrir centro; si permite abrirlo, confirmar al menos 730 días de ejecución.";"2026-09-21";"2026-09-14";"https://www.pap.hacienda.gob.es/bdnstrans/GE/es/convocatorias/923108";"Convocatoria subnacional fuera de Aragon sin requisito territorial suficientemente claro.";"auditoria_2026-08-06"
"454";"baja";"pendiente";"";"";"915964";"Subvenciones destinadas a los entes locales para la realización de actuaciones para la mejora de la red de suministro de agua en baja y digitalización de sistemas";"territorial_eligibility_unverified";"Comprobar si exige centro previo, solo localización del proyecto o permite abrir centro; si permite abrirlo, confirmar al menos 730 días de ejecución.";"2026-09-21";"";"https://www.pap.hacienda.gob.es/bdnstrans/GE/es/convocatorias/915964";"Convocatoria subnacional fuera de Aragon sin requisito territorial suficientemente claro.";"auditoria_2026-08-06"
"455";"baja";"pendiente";"";"";"921484";"Subvenciones para proyectos de exploración tecnológica";"territorial_eligibility_unverified";"Comprobar si exige centro previo, solo localización del proyecto o permite abrir centro; si permite abrirlo, confirmar al menos 730 días de ejecución.";"2026-09-21";"2026-07-30";"https://www.pap.hacienda.gob.es/bdnstrans/GE/es/convocatorias/921484";"Convocatoria subnacional fuera de Aragon sin requisito territorial suficientemente claro.";"auditoria_2026-08-06"
"456";"baja";"pendiente";"";"";"922986";"Subvenciones para proyectos IT para la cadena valor del sector automoción y de la mobilidad 2026";"territorial_eligibility_unverified";"Comprobar si exige centro previo, solo localización del proyecto o permite abrir centro; si permite abrirlo, confirmar al menos 730 días de ejecución.";"2026-09-23";"2026-08-06";"https://www.pap.hacienda.gob.es/bdnstrans/GE/es/convocatorias/922986";"Convocatoria subnacional fuera de Aragon sin requisito territorial suficientemente claro.";"auditoria_2026-08-06"
